2020-07-16T07:06:46.466000,Pipe is free
2020-07-16T07:06:46.469000,Pipe is free
2020-07-16T07:06:46.465000,Pipe is free
2020-07-16T07:06:51.682000,Pipe is free
2020-07-16T07:06:51.683000,Pipe is free
2020-07-16T07:06:51.695000,Pipe is free
2020-07-16T07:06:51.710000,Pipe is free
2020-07-16T07:06:51.708000,Pipe is free
2020-07-16T07:06:51.725000,Pipe is free
2020-07-16T07:06:51.721000,Pipe is free
2020-07-16T07:06:53.766000,Pipe is free
2020-07-16T07:06:53.770000,Pipe is free
2020-07-16T07:06:53.779000,Pipe is free
2020-07-16T07:06:53.976000,Pipe is free
2020-07-16T07:06:53.980000,Pipe is free
2020-07-16T07:06:53.976000,Pipe is free
2020-07-16T07:06:53.994000,Pipe is free
2020-07-16T07:07:01.340000,Pipe is free
2020-07-16T07:07:01.354000,Pipe is free
2020-07-16T07:07:01.363000,Pipe is free
2020-07-16T07:07:01.367000,Pipe is free
2020-07-16T07:07:01.367000,Pipe is free
2020-07-16T07:07:01.380000,Pipe is free
2020-07-16T07:07:01.378000,Pipe is free
2020-07-16T07:07:03.065000,P0P;device/
2020-07-16T07:07:36.339000,Pipe is free
2020-07-16T07:07:36.421000,Pipe is free
2020-07-16T07:07:36.422000,Pipe is free
2020-07-16T07:07:36.421000,Pipe is free
2020-07-16T07:07:36.431000,Pipe is free
2020-07-16T07:07:36.437000,Pipe is free
2020-07-16T07:07:36.435000,Pipe is free
2020-07-16T07:08:12.145000,Pipe is free
2020-07-16T07:08:12.147000,Pipe is free
2020-07-16T07:08:12.148000,Pipe Blocked
2020-07-16T07:08:12.709000,Pipe Blocked
2020-07-16T07:08:12.710000,Pipe is free
2020-07-16T07:08:12.707000,Pipe is free
2020-07-16T07:08:13.105000,Pipe is free
2020-07-16T07:08:14.143000,Pipe is free
2020-07-16T07:08:14.149000,Pipe is free
2020-07-16T07:08:14.156000,Pipe is free
2020-07-16T07:08:14.466000,Pipe is free
2020-07-16T07:08:14.466000,Pipe is free
2020-07-16T07:08:14.466000,Pipe is free
2020-07-16T07:08:29.213000,Pipe is free
2020-07-16T07:08:29.218000,Pipe is free
2020-07-16T07:08:29.218000,Pipe is free
2020-07-16T07:08:29.218000,Pipe is free
2020-07-16T07:08:29.232000,Pipe is free
2020-07-16T07:08:29.232000,Pipe is free
2020-07-16T07:08:29.234000,Pipe is free
2020-07-16T07:08:31.629000,Pipe is free
2020-07-16T07:08:31.630000,Pipe is free
2020-07-16T07:08:31.627000,Pipe is free
2020-07-16T07:09:05.783000,Pipe is free
2020-07-16T07:09:05.788000,Pipe is free
2020-07-16T07:09:05.791000,Pipe is free
2020-07-16T07:09:05.763000,Pipe is free
2020-07-16T07:09:05.805000,Pipe is free
2020-07-16T07:09:05.810000,Pipe is free
2020-07-16T07:09:05.802000,Pipe is free
2020-07-16T07:09:11.027000,Pipe is free
2020-07-16T07:09:11.028000,Pipe is free
2020-07-16T07:09:11.024000,Pipe is free
2020-07-16T07:09:11.234000,Pipe is free
2020-07-16T07:09:11.238000,Pipe is free
2020-07-16T07:09:11.237000,Pipe is free
2020-07-16T07:09:11.236000,Pipe is free
2020-07-16T07:09:12.877000,Pipe is free
2020-07-16T07:09:12.877000,Pipe is free
2020-07-16T07:09:12.884000,Pipe is free
2020-07-16T07:09:14.041000,Pipe is free
2020-07-16T07:09:14.041000,Pipe is free
2020-07-16T07:09:14.042000,Pipe is free
2020-07-16T07:09:14.038000,Pipe is free
2020-07-16T07:09:15.879000,Pipe is free
2020-07-16T07:09:16.671000,Pipe is free
2020-07-16T07:09:16.678000,Pipe is free
2020-07-16T07:09:16.684000,Pipe is free
2020-07-16T07:09:16.693000,Pipe is free
2020-07-16T07:09:16.697000,Pipe is free
2020-07-16T07:09:16.740000,Pipe is free
2020-07-16T07:09:16.749000,Pipe is free
2020-07-16T07:09:16.911000,Pipe is free
2020-07-16T07:09:16.911000,Pipe is free
2020-07-16T07:09:16.915000,Pipe is free
2020-07-16T07:09:17.127000,Pipe is free
2020-07-16T07:09:17.137000,Pipe is free
2020-07-16T07:09:17.626000,Pipe is free
2020-07-16T07:09:17.623000,Pipe is free
2020-07-16T07:09:18.436000,Pipe is free
2020-07-16T07:09:18.441000,Pipe is free
2020-07-16T07:09:18.442000,Pipe is free
2020-07-16T07:09:18.684000,Pipe is free
2020-07-16T07:09:18.680000,Pipe is free
2020-07-16T07:09:19.474000,Pipe is free
2020-07-16T07:09:19.472000,Pipe is free
2020-07-16T07:09:20.049000,Pipe is free
2020-07-16T07:09:20.050000,Pipe is free
2020-07-16T07:09:20.045000,Pipe is free
2020-07-16T07:09:20.478000,Pipe is free
2020-07-16T07:09:20.478000,Pipe is free
2020-07-16T07:09:20.942000,Pipe is free
2020-07-16T07:09:20.947000,Pipe is free
2020-07-16T07:09:22.823000,Pipe is free
2020-07-16T07:09:22.825000,Pipe is free
2020-07-16T07:09:22.822000,Pipe is free
2020-07-16T07:09:22.840000,Pipe is free
2020-07-16T07:09:22.842000,Pipe is free
2020-07-16T07:09:24.613000,Pipe is free
2020-07-16T07:09:24.618000,Pipe is free
2020-07-16T07:09:24.623000,Pipe is free
2020-07-16T07:09:24.652000,Pipe is free
2020-07-16T07:09:24.658000,Pipe is free
2020-07-16T07:09:24.662000,Pipe is free
2020-07-16T07:09:24.648000,Pipe is free
2020-07-16T07:09:25.723000,Pipe is free
2020-07-16T07:09:25.727000,Pipe is free
2020-07-16T07:09:25.726000,Pipe is free
2020-07-16T07:09:26.570000,Pipe is free
2020-07-16T07:09:26.568000,Pipe is free
2020-07-16T07:09:26.586000,Pipe is free
2020-07-16T07:09:26.582000,Pipe is free
2020-07-16T07:09:28.279000,Pipe is free
2020-07-16T07:09:28.275000,Pipe is free
2020-07-16T07:09:28.284000,Pipe is free
2020-07-16T07:09:28.264000,Pipe is free
2020-07-16T07:09:28.860000,Pipe is free
2020-07-16T07:09:28.864000,Pipe is free
2020-07-16T07:09:29.770000,Pipe is free
2020-07-16T07:09:31.300000,Pipe is free
2020-07-16T07:09:31.305000,Pipe is free
2020-07-16T07:09:32.798000,Pipe is free
2020-07-16T07:09:32.799000,Pipe is free
2020-07-16T07:09:34.624000,Pipe is free
2020-07-16T07:09:34.624000,Pipe is free
2020-07-16T07:09:36.468000,Pipe is free
2020-07-16T07:09:36.473000,Pipe is free
2020-07-16T07:09:36.472000,Pipe is free
2020-07-16T07:09:38.183000,Pipe is free
2020-07-16T07:09:38.184000,Pipe is free
2020-07-16T07:09:40.467000,Pipe is free
2020-07-16T07:09:40.478000,Pipe is free
2020-07-16T07:09:41.430000,Pipe is free
2020-07-16T07:09:41.435000,Pipe is free
2020-07-16T07:09:44.575000,Pipe is free
2020-07-16T07:09:45.445000,Pipe is free
2020-07-16T07:09:45.448000,Pipe is free
2020-07-16T07:09:45.452000,Pipe is free
2020-07-16T07:09:46.191000,Pipe is free
2020-07-16T07:09:47.858000,Pipe is free
2020-07-16T07:09:47.858000,Pipe is free
2020-07-16T07:09:47.868000,Pipe is free
2020-07-16T07:09:49.302000,Pipe is free
2020-07-16T07:09:49.307000,Pipe is free
2020-07-16T07:09:51.067000,Pipe is free
2020-07-16T07:09:51.068000,Pipe is free
2020-07-16T07:09:52.713000,Pipe is free
2020-07-16T07:09:52.713000,Pipe is free
2020-07-16T07:09:52.717000,Pipe is free
2020-07-16T07:09:54.444000,Pipe is free
2020-07-16T07:09:54.439000,Pipe is free
2020-07-16T07:09:57.584000,Pipe is free
2020-07-16T07:09:57.585000,Pipe is free
2020-07-16T07:09:57.586000,Pipe is free
2020-07-16T07:09:58.357000,Pipe is free
2020-07-16T07:09:59.047000,Pipe is free
2020-07-16T07:10:01.337000,Pipe is free
2020-07-16T07:10:01.342000,Pipe is free
2020-07-16T07:10:01.342000,Pipe is free
2020-07-16T07:10:02.001000,Pipe is free
2020-07-16T07:10:02.001000,Pipe is free
2020-07-16T07:10:03.766000,Pipe is free
2020-07-16T07:10:03.763000,Pipe is free
2020-07-16T07:10:05.459000,Pipe is free
2020-07-16T07:10:05.460000,Pipe is free
2020-07-16T07:10:08.144000,Pipe is free
2020-07-16T07:10:08.157000,Pipe is free
2020-07-16T07:10:08.786000,Pipe is free
2020-07-16T07:10:08.794000,Pipe is free
2020-07-16T07:10:11.318000,Pipe is free
2020-07-16T07:10:13.224000,Pipe is free
2020-07-16T07:10:13.224000,Pipe is free
2020-07-16T07:10:13.224000,Pipe is free
2020-07-16T07:10:16.518000,Pipe is free
2020-07-16T07:10:16.522000,Pipe is free
2020-07-16T07:10:22.531000,Pipe is free
2020-07-16T07:10:22.633000,Pipe is free
2020-07-16T07:10:22.631000,Pipe is free
2020-07-16T07:10:22.634000,Pipe is free
2020-07-16T07:10:29.016000,Pipe is free
2020-07-16T07:10:29.019000,Pipe is free
2020-07-16T07:10:29.020000,Pipe is free
2020-07-16T07:10:29.319000,Pipe is free
2020-07-16T07:10:29.322000,Pipe is free
2020-07-16T07:10:29.319000,Pipe is free
2020-07-16T07:10:29.322000,Pipe is free
2020-07-16T07:10:36.862000,Pipe is free
2020-07-16T07:10:36.863000,Pipe is free
2020-07-16T07:10:36.871000,Pipe is free
2020-07-16T07:10:36.863000,Pipe is free
2020-07-16T07:10:36.933000,Pipe is free
2020-07-16T07:10:36.933000,Pipe is free
2020-07-16T07:10:36.930000,Pipe is free
2020-07-16T07:10:39.085000,Pipe is free
2020-07-16T07:10:39.090000,Pipe is free
2020-07-16T07:10:39.086000,Pipe is free
2020-07-16T07:10:39.089000,Pipe is free
2020-07-16T07:10:41.741000,Pipe is free
2020-07-16T07:10:41.737000,Pipe is free
2020-07-16T07:10:41.741000,Pipe is free
2020-07-16T07:10:42.898000,Pipe is free
2020-07-16T07:10:43.774000,Pipe is free
2020-07-16T07:10:43.770000,Pipe is free
2020-07-16T07:10:44.729000,Pipe is free
2020-07-16T07:10:45.884000,Pipe is free
2020-07-16T07:10:47.966000,Pipe is free
2020-07-16T07:10:47.978000,Pipe is free
2020-07-16T07:10:49.159000,Pipe is free
2020-07-16T07:10:49.163000,Pipe is free
2020-07-16T07:10:49.865000,Pipe is free
2020-07-16T07:10:49.864000,Pipe is free
2020-07-16T07:11:04.252000,Pipe is free
2020-07-16T07:11:04.676000,Pipe is free
2020-07-16T07:11:04.676000,Pipe is free
2020-07-16T07:11:04.676000,Pipe is free
2020-07-16T07:11:04.691000,Pipe is free
2020-07-16T07:11:04.693000,Pipe is free
2020-07-16T07:11:04.697000,Pipe is free
2020-07-16T07:11:04.700000,Pipe is free
2020-07-16T07:11:04.712000,Pipe is free
2020-07-16T07:11:04.712000,Pipe is free
2020-07-16T07:11:04.723000,Pipe is free
2020-07-16T07:11:04.722000,Pipe is free
2020-07-16T07:11:04.737000,Pipe is free
2020-07-16T07:11:04.736000,Pipe is free
2020-07-16T07:11:04.750000,Pipe is free
2020-07-16T07:11:04.737000,Pipe is free
2020-07-16T07:11:04.751000,Pipe is free
2020-07-16T07:11:05.325000,Pipe is free
2020-07-16T07:11:05.320000,Pipe is free
2020-07-16T07:11:14.566000,Pipe is free
2020-07-16T07:11:16.468000,Pipe is free
2020-07-16T07:11:16.463000,Pipe is free
2020-07-16T07:11:16.483000,Pipe is free
2020-07-16T07:11:22.113000,Pipe is free
2020-07-16T07:11:22.127000,Pipe is free
2020-07-16T07:11:22.126000,Pipe is free
2020-07-16T07:11:22.131000,Pipe is free
2020-07-16T07:11:22.158000,Pipe is free
2020-07-16T07:11:22.153000,Pipe is free
2020-07-16T07:11:22.157000,Pipe is free
2020-07-16T07:11:38.810000,Pipe is free
2020-07-16T07:11:38.831000,Pipe is free
2020-07-16T07:11:38.971000,Pipe is free
2020-07-16T07:11:39.461000,Pipe is free
2020-07-16T07:11:40.931000,Pipe is free
2020-07-16T07:11:41.007000,Pipe is free
2020-07-16T07:11:42.450000,Pipe is free
2020-07-16T07:11:42.858000,Pipe is free
2020-07-16T07:11:43.343000,Pipe is free
2020-07-16T07:11:44.292000,Pipe is free
2020-07-16T07:11:45.770000,Pipe is free
2020-07-16T07:11:46.746000,Pipe is free
2020-07-16T07:11:47.987000,Pipe is free
2020-07-16T07:11:48.083000,Pipe is free
2020-07-16T07:11:48.494000,Pipe is free
2020-07-16T07:11:49.009000,Pipe is free
2020-07-16T07:11:50.629000,Pipe is free
2020-07-16T07:11:52.301000,Pipe is free
2020-07-16T07:11:52.411000,Pipe is free
2020-07-16T07:11:53.876000,Pipe is free
2020-07-16T07:11:53.974000,Pipe is free
2020-07-16T07:11:54.199000,Pipe is free
2020-07-16T07:11:55.494000,Pipe is free
2020-07-16T07:11:55.645000,Pipe is free
2020-07-16T07:11:56.357000,Pipe is free
2020-07-16T07:11:56.799000,Pipe is free
2020-07-16T07:11:58.316000,Pipe is free
2020-07-16T07:11:58.824000,Pipe is free
2020-07-16T07:11:59.239000,Pipe is free
2020-07-16T07:12:00.140000,Pipe is free
2020-07-16T07:12:00.816000,Pipe is free
2020-07-16T07:12:01.876000,Pipe is free
2020-07-16T07:12:02.456000,Pipe is free
2020-07-16T07:12:03.357000,Pipe is free
2020-07-16T07:12:04.173000,Pipe is free
2020-07-16T07:12:04.855000,Pipe is free
2020-07-16T07:12:05.737000,Pipe is free
2020-07-16T07:12:06.520000,Pipe is free
2020-07-16T07:12:07.320000,Pipe is free
2020-07-16T07:12:08.770000,Pipe is free
2020-07-16T07:12:09.405000,Pipe is free
2020-07-16T07:12:10.096000,Pipe is free
2020-07-16T07:12:11.331000,Pipe is free
2020-07-16T07:12:11.730000,Pipe is free
2020-07-16T07:12:12.254000,Pipe is free
2020-07-16T07:12:13.190000,Pipe is free
2020-07-16T07:12:14.686000,Pipe is free
2020-07-16T07:12:14.746000,Pipe is free
2020-07-16T07:12:16.851000,Pipe is free
2020-07-16T07:12:17.546000,Pipe is free
2020-07-16T07:12:17.540000,Pipe is free
2020-07-16T07:12:18.740000,Pipe is free
2020-07-16T07:12:19.599000,Pipe is free
2020-07-16T07:12:19.599000,Pipe is free
2020-07-16T07:12:21.219000,Pipe is free
2020-07-16T07:12:22.654000,Pipe is free
2020-07-16T07:12:22.663000,Pipe is free
2020-07-16T07:12:22.662000,Pipe is free
2020-07-16T07:12:22.819000,Pipe is free
2020-07-16T07:12:22.969000,Pipe is free
2020-07-16T07:12:24.101000,Pipe is free
2020-07-16T07:12:24.369000,Pipe is free
2020-07-16T07:12:25.081000,Pipe is free
2020-07-16T07:12:26.174000,Pipe is free
2020-07-16T07:12:26.631000,Pipe is free
2020-07-16T07:12:27.279000,Pipe is free
2020-07-16T07:12:27.879000,Pipe is free
2020-07-16T07:12:28.740000,Pipe is free
2020-07-16T07:12:29.616000,Pipe is free
2020-07-16T07:12:30.045000,Pipe is free
2020-07-16T07:12:30.799000,Pipe is free
2020-07-16T07:12:32.016000,Pipe is free
2020-07-16T07:12:32.136000,Pipe is free
2020-07-16T07:12:32.805000,Pipe is free
2020-07-16T07:12:41.979000,Pipe is free
2020-07-16T07:12:42.065000,Pipe is free
2020-07-16T07:12:42.064000,Pipe is free
2020-07-16T07:12:42.060000,Pipe is free
2020-07-16T07:12:42.078000,Pipe is free
2020-07-16T07:12:42.079000,Pipe is free
2020-07-16T07:12:42.075000,Pipe is free
2020-07-16T07:12:42.193000,Pipe is free
2020-07-16T07:12:42.197000,Pipe is free
2020-07-16T07:12:42.197000,Pipe is free
2020-07-16T07:12:43.479000,Pipe is free
2020-07-16T07:12:43.481000,Pipe is free
2020-07-16T07:12:43.481000,Pipe is free
2020-07-16T07:12:43.497000,Pipe is free
2020-07-16T07:12:43.670000,Pipe is free
2020-07-16T07:12:44.089000,Pipe is free
2020-07-16T07:12:45.364000,Pipe is free
2020-07-16T07:12:46.440000,Pipe is free
2020-07-16T07:12:46.439000,Pipe is free
2020-07-16T07:12:46.987000,Pipe is free
2020-07-16T07:12:47.510000,Pipe is free
2020-07-16T07:12:48.428000,Pipe is free
2020-07-16T07:12:48.926000,Pipe is free
2020-07-16T07:12:49.595000,Pipe is free
2020-07-16T07:12:50.463000,Pipe is free
2020-07-16T07:12:51.034000,Pipe is free
2020-07-16T07:12:51.721000,Pipe is free
2020-07-16T07:12:52.806000,Pipe is free
2020-07-16T07:12:53.121000,Pipe is free
2020-07-16T07:12:53.806000,Pipe is free
2020-07-16T07:12:54.810000,Pipe is free
2020-07-16T07:12:55.223000,Pipe is free
2020-07-16T07:12:56.323000,Pipe is free
2020-07-16T07:13:17.719000,Pipe is free
2020-07-16T07:13:17.737000,Pipe is free
2020-07-16T07:13:17.744000,Pipe is free
2020-07-16T07:13:17.761000,Pipe is free
2020-07-16T07:13:17.764000,Pipe is free
2020-07-16T07:13:17.778000,Pipe is free
2020-07-16T07:13:17.807000,Pipe is free
2020-07-16T07:13:18.044000,Pipe is free
2020-07-16T07:13:18.980000,Pipe is free
2020-07-16T07:13:18.981000,Pipe is free
2020-07-16T07:13:19.041000,Pipe is free
2020-07-16T07:13:19.041000,Pipe is free
2020-07-16T07:13:19.041000,Pipe is free
2020-07-16T07:13:19.074000,Pipe is free
2020-07-16T07:13:19.083000,Pipe is free
2020-07-16T07:13:19.104000,Pipe is free
2020-07-16T07:13:19.104000,Pipe is free
2020-07-16T07:13:19.146000,Pipe is free
2020-07-16T07:13:19.160000,Pipe is free
2020-07-16T07:13:19.165000,Pipe is free
2020-07-16T07:13:19.173000,Pipe is free
2020-07-16T07:13:19.210000,Pipe is free
2020-07-16T07:13:19.214000,Pipe is free
2020-07-16T07:13:19.392000,Pipe is free
2020-07-16T07:13:19.388000,Pipe is free
2020-07-16T07:13:19.393000,Pipe is free
2020-07-16T07:13:19.878000,Pipe is free
2020-07-16T07:13:20.591000,Pipe is free
2020-07-16T07:13:21.154000,Pipe is free
2020-07-16T07:13:21.844000,Pipe is free
2020-07-16T07:13:22.554000,Pipe is free
2020-07-16T07:13:23.254000,Pipe is free
2020-07-16T07:13:23.953000,Pipe is free
2020-07-16T07:13:25.096000,Pipe is free
2020-07-16T07:13:25.371000,Pipe is free
2020-07-16T07:13:26.183000,Pipe is free
2020-07-16T07:13:27.018000,Pipe is free
2020-07-16T07:13:27.539000,Pipe is free
2020-07-16T07:13:28.336000,Pipe is free
2020-07-16T07:13:29.151000,Pipe is free
2020-07-16T07:13:29.581000,Pipe is free
2020-07-16T07:13:30.276000,Pipe is free
2020-07-16T07:13:31.060000,Pipe is free
2020-07-16T07:13:32.077000,Pipe is free
2020-07-16T07:13:32.534000,Pipe is free
2020-07-16T07:13:33.199000,Pipe is free
2020-07-16T07:13:34.491000,Pipe is free
2020-07-16T07:13:34.651000,Pipe is free
2020-07-16T07:13:35.462000,Pipe is free
2020-07-16T07:13:36.480000,Pipe is free
2020-07-16T07:13:37.003000,Pipe is free
2020-07-16T07:13:38.054000,Pipe is free
2020-07-16T07:13:38.710000,Pipe is free
2020-07-16T07:13:39.780000,Pipe is free
2020-07-16T07:13:40.356000,Pipe is free
2020-07-16T07:13:40.776000,Pipe is free
2020-07-16T07:13:41.069000,Pipe is free
2020-07-16T07:13:41.818000,Pipe is free
2020-07-16T07:13:42.466000,Pipe is free
2020-07-16T07:13:43.195000,Pipe is free
2020-07-16T07:13:43.906000,Pipe is free
2020-07-16T07:13:44.634000,Pipe is free
2020-07-16T07:13:45.895000,Pipe is free
2020-07-16T07:13:46.020000,Pipe is free
2020-07-16T07:13:46.869000,Pipe is free
2020-07-16T07:13:47.384000,Pipe is free
2020-07-16T07:13:48.095000,Pipe is free
2020-07-16T07:13:49.096000,Pipe is free
2020-07-16T07:13:49.491000,Pipe is free
2020-07-16T07:13:50.182000,Pipe is free
2020-07-16T07:13:50.890000,Pipe is free
2020-07-16T07:13:52.022000,Pipe is free
2020-07-16T07:13:52.829000,Pipe is free
2020-07-16T07:13:53.018000,Pipe is free
2020-07-16T07:13:53.762000,Pipe is free
2020-07-16T07:13:55.383000,Pipe is free
2020-07-16T07:13:55.710000,Pipe is free
2020-07-16T07:13:56.303000,Pipe is free
2020-07-16T07:13:57.236000,Pipe is free
2020-07-16T07:13:57.299000,Pipe is free
2020-07-16T07:13:57.901000,Pipe is free
2020-07-16T07:13:58.915000,Pipe is free
2020-07-16T07:13:59.304000,Pipe is free
2020-07-16T07:14:00.630000,Pipe is free
2020-07-16T07:14:00.715000,Pipe is free
2020-07-16T07:14:01.476000,Pipe is free
2020-07-16T07:14:02.107000,Pipe is free
2020-07-16T07:14:03.205000,Pipe is free
2020-07-16T07:14:03.530000,Pipe is free
2020-07-16T07:14:04.315000,Pipe is free
2020-07-16T07:14:04.913000,Pipe is free
2020-07-16T07:14:05.606000,Pipe is free
2020-07-16T07:14:06.865000,Pipe is free
2020-07-16T07:14:07.272000,Pipe is free
2020-07-16T07:14:07.736000,Pipe is free
2020-07-16T07:14:08.679000,Pipe is free
2020-07-16T07:14:09.146000,Pipe is free
2020-07-16T07:14:09.838000,Pipe is free
2020-07-16T07:14:10.534000,Pipe is free
2020-07-16T07:14:11.235000,Pipe is free
2020-07-16T07:14:11.931000,Pipe is free
2020-07-16T07:14:12.630000,Pipe is free
2020-07-16T07:14:13.684000,Pipe is free
2020-07-16T07:14:14.302000,Pipe is free
2020-07-16T07:14:15.146000,Pipe is free
2020-07-16T07:14:16.162000,Pipe is free
2020-07-16T07:14:16.857000,Pipe is free
2020-07-16T07:14:18.104000,Pipe is free
2020-07-16T07:14:18.588000,Pipe is free
2020-07-16T07:14:19.678000,Pipe is free
2020-07-16T07:14:20.557000,Pipe is free
2020-07-16T07:14:21.488000,Pipe is free
2020-07-16T07:14:21.565000,Pipe is free
2020-07-16T07:14:22.567000,Pipe is free
2020-07-16T07:14:23.392000,Pipe is free
2020-07-16T07:14:24.020000,Pipe is free
2020-07-16T07:14:24.501000,Pipe is free
2020-07-16T07:14:25.060000,Pipe is free
2020-07-16T07:14:25.661000,Pipe is free
2020-07-16T07:14:26.450000,Pipe is free
2020-07-16T07:14:27.612000,Pipe is free
2020-07-16T07:14:27.953000,Pipe is free
2020-07-16T07:14:28.500000,Pipe is free
2020-07-16T07:14:29.470000,Pipe is free
2020-07-16T07:14:30.001000,Pipe is free
2020-07-16T07:14:30.607000,Pipe is free
2020-07-16T07:14:31.280000,Pipe is free
2020-07-16T07:14:32.181000,Pipe is free
2020-07-16T07:14:32.683000,Pipe is free
2020-07-16T07:14:33.522000,Pipe is free
2020-07-16T07:14:34.518000,Pipe is free
2020-07-16T07:14:35.047000,Pipe is free
2020-07-16T07:14:35.491000,Pipe is free
2020-07-16T07:14:36.929000,Pipe is free
2020-07-16T07:14:36.997000,Pipe is free
2020-07-16T07:14:37.606000,Pipe is free
2020-07-16T07:14:38.879000,Pipe is free
2020-07-16T07:14:39.220000,Pipe is free
2020-07-16T07:14:39.837000,Pipe is free
2020-07-16T07:14:40.510000,Pipe is free
2020-07-16T07:14:41.737000,Pipe is free
2020-07-16T07:14:42.680000,Pipe is free
2020-07-16T07:14:42.757000,Pipe is free
2020-07-16T07:14:43.190000,Pipe is free
2020-07-16T07:14:43.936000,Pipe is free
2020-07-16T07:14:44.591000,Pipe is free
2020-07-16T07:14:45.401000,Pipe is free
2020-07-16T07:14:46.301000,Pipe is free
2020-07-16T07:14:46.721000,Pipe is free
2020-07-16T07:14:47.401000,Pipe is free
2020-07-16T07:14:48.432000,Pipe is free
2020-07-16T07:14:48.846000,Pipe is free
2020-07-16T07:14:49.502000,Pipe is free
2020-07-16T07:14:50.307000,Pipe is free
2020-07-16T07:14:50.986000,Pipe is free
2020-07-16T07:14:51.910000,Pipe is free
2020-07-16T07:14:52.431000,Pipe is free
2020-07-16T07:14:53.020000,Pipe is free
2020-07-16T07:14:53.781000,Pipe is free
2020-07-16T07:14:54.422000,Pipe is free
2020-07-16T07:14:55.309000,Pipe is free
2020-07-16T07:14:56.026000,Pipe is free
2020-07-16T07:14:56.520000,Pipe is free
2020-07-16T07:14:57.765000,Pipe is free
2020-07-16T07:14:57.938000,Pipe is free
2020-07-16T07:14:58.636000,Pipe is free
2020-07-16T07:14:59.761000,Pipe is free
2020-07-16T07:15:00.031000,Pipe is free
2020-07-16T07:15:00.761000,Pipe is free
2020-07-16T07:15:01.450000,Pipe is free
2020-07-16T07:15:03.527000,Pipe is free
2020-07-16T07:15:03.530000,Pipe is free
2020-07-16T07:15:45.728000,Pipe is free
2020-07-16T07:15:46.859000,Pipe is free
2020-07-16T07:15:47.631000,Pipe is free
2020-07-16T07:15:48.910000,Pipe is free
2020-07-16T07:15:49.564000,Pipe is free
2020-07-16T07:15:49.566000,Pipe is free
2020-07-16T07:15:50.815000,Pipe is free
2020-07-16T07:15:50.891000,Pipe is free
2020-07-16T07:15:52.589000,Pipe is free
2020-07-16T07:15:52.588000,Pipe is free
2020-07-16T07:15:53.961000,Pipe is free
2020-07-16T07:15:53.961000,Pipe is free
2020-07-16T07:15:55.297000,Pipe is free
2020-07-16T07:15:55.302000,Pipe is free
2020-07-16T07:15:55.771000,Pipe is free
2020-07-16T07:15:56.100000,Pipe is free
2020-07-16T07:15:56.800000,Pipe is free
2020-07-16T07:15:57.814000,Pipe is free
2020-07-16T07:15:58.259000,Pipe is free
2020-07-16T07:15:58.990000,Pipe is free
2020-07-16T07:15:59.640000,Pipe is free
2020-07-16T07:16:00.313000,Pipe is free
2020-07-16T07:16:01.016000,Pipe is free
2020-07-16T07:16:01.749000,Pipe is free
2020-07-16T07:16:02.434000,Pipe is free
2020-07-16T07:16:03.798000,Pipe is free
2020-07-16T07:16:03.896000,Pipe is free
2020-07-16T07:16:04.516000,Pipe is free
2020-07-16T07:16:05.258000,Pipe is free
2020-07-16T07:16:06.059000,Pipe is free
2020-07-16T07:16:06.667000,Pipe is free
2020-07-16T07:16:07.702000,Pipe is free
2020-07-16T07:16:08.023000,Pipe is free
2020-07-16T07:16:09.533000,Pipe is free
2020-07-16T07:16:09.599000,Pipe is free
2020-07-16T07:16:10.111000,Pipe is free
2020-07-16T07:16:10.831000,Pipe is free
2020-07-16T07:16:11.777000,Pipe is free
2020-07-16T07:16:12.227000,Pipe is free
2020-07-16T07:16:13.499000,Pipe is free
2020-07-16T07:16:13.903000,Pipe is free
2020-07-16T07:16:14.503000,Pipe is free
2020-07-16T07:16:15.102000,Pipe is free
2020-07-16T07:16:16.044000,Pipe is free
2020-07-16T07:16:16.498000,Pipe is free
2020-07-16T07:16:17.155000,Pipe is free
2020-07-16T07:16:18.548000,Pipe is free
2020-07-16T07:16:18.671000,Pipe is free
2020-07-16T07:16:19.228000,Pipe is free
2020-07-16T07:16:19.984000,Pipe is free
2020-07-16T07:16:21.069000,Pipe is free
2020-07-16T07:16:21.343000,Pipe is free
2020-07-16T07:16:22.078000,Pipe is free
2020-07-16T07:16:22.754000,Pipe is free
2020-07-16T07:16:23.473000,Pipe is free
2020-07-16T07:16:24.683000,Pipe is free
2020-07-16T07:16:24.898000,Pipe is free
2020-07-16T07:16:25.546000,Pipe is free
2020-07-16T07:16:26.737000,Pipe is free
2020-07-16T07:16:26.948000,Pipe is free
2020-07-16T07:16:27.679000,Pipe is free
2020-07-16T07:16:28.836000,Pipe is free
2020-07-16T07:16:29.315000,Pipe is free
2020-07-16T07:16:30.311000,Pipe is free
2020-07-16T07:16:30.662000,Pipe is free
2020-07-16T07:16:31.194000,Pipe is free
2020-07-16T07:16:32.536000,Pipe is free
2020-07-16T07:16:32.616000,Pipe is free
2020-07-16T07:16:33.282000,Pipe is free
2020-07-16T07:16:34.374000,Pipe is free
2020-07-16T07:16:34.671000,Pipe is free
2020-07-16T07:16:35.435000,Pipe is free
2020-07-16T07:16:36.103000,Pipe is free
2020-07-16T07:16:36.776000,Pipe is free
2020-07-16T07:16:37.499000,Pipe is free
2020-07-16T07:16:38.188000,Pipe is free
2020-07-16T07:16:39.360000,Pipe is free
2020-07-16T07:16:39.624000,Pipe is free
2020-07-16T07:16:40.269000,Pipe is free
2020-07-16T07:16:40.982000,Pipe is free
2020-07-16T07:16:41.892000,Pipe is free
2020-07-16T07:16:42.506000,Pipe is free
2020-07-16T07:16:43.112000,Pipe is free
2020-07-16T07:16:43.790000,Pipe is free
2020-07-16T07:16:44.503000,Pipe is free
2020-07-16T07:16:45.454000,Pipe is free
2020-07-16T07:16:46.027000,Pipe is free
2020-07-16T07:16:46.592000,Pipe is free
2020-07-16T07:16:47.576000,Pipe is free
2020-07-16T07:16:48.029000,Pipe is free
2020-07-16T07:16:48.702000,Pipe is free
2020-07-16T07:16:49.430000,Pipe is free
2020-07-16T07:16:51.129000,Pipe is free
2020-07-16T07:16:51.139000,Pipe is free
2020-07-16T07:16:51.744000,Pipe is free
2020-07-16T07:16:52.240000,Pipe is free
2020-07-16T07:16:53.703000,Pipe is free
2020-07-16T07:16:53.703000,Pipe is free
2020-07-16T07:16:55.138000,Pipe is free
2020-07-16T07:16:55.204000,Pipe is free
2020-07-16T07:16:55.712000,Pipe is free
2020-07-16T07:16:56.457000,Pipe is free
2020-07-16T07:16:57.222000,Pipe is free
2020-07-16T07:16:57.816000,Pipe is free
2020-07-16T07:16:58.492000,Pipe is free
2020-07-16T07:16:59.218000,Pipe is free
2020-07-16T07:17:00.130000,Pipe is free
2020-07-16T07:17:00.632000,Pipe is free
2020-07-16T07:17:01.371000,Pipe is free
2020-07-16T07:17:02.023000,Pipe is free
2020-07-16T07:17:02.713000,Pipe is free
2020-07-16T07:17:03.417000,Pipe is free
2020-07-16T07:17:04.293000,Pipe is free
2020-07-16T07:17:04.857000,Pipe is free
2020-07-16T07:17:05.537000,Pipe is free
2020-07-16T07:17:06.361000,Pipe is free
2020-07-16T07:17:07.065000,Pipe is free
2020-07-16T07:17:08.397000,Pipe is free
2020-07-16T07:17:08.422000,Pipe is free
2020-07-16T07:17:09.067000,Pipe is free
2020-07-16T07:17:09.746000,Pipe is free
2020-07-16T07:17:10.473000,Pipe is free
2020-07-16T07:17:11.158000,Pipe is free
2020-07-16T07:17:11.967000,Pipe is free
2020-07-16T07:17:12.909000,Pipe is free
2020-07-16T07:17:13.241000,Pipe is free
2020-07-16T07:17:14.201000,Pipe is free
2020-07-16T07:17:14.680000,Pipe is free
2020-07-16T07:17:15.945000,Pipe is free
2020-07-16T07:17:16.074000,Pipe is free
2020-07-16T07:17:16.743000,Pipe is free
2020-07-16T07:17:17.467000,Pipe is free
2020-07-16T07:17:18.157000,Pipe is free
2020-07-16T07:17:18.868000,Pipe is free
2020-07-16T07:17:19.631000,Pipe is free
2020-07-16T07:17:20.950000,Pipe is free
2020-07-16T07:17:21.228000,Pipe is free
2020-07-16T07:17:21.641000,Pipe is free
2020-07-16T07:17:22.383000,Pipe is free
2020-07-16T07:17:23.508000,Pipe is free
2020-07-16T07:17:23.787000,Pipe is free
2020-07-16T07:17:24.435000,Pipe is free
2020-07-16T07:17:25.911000,Pipe is free
2020-07-16T07:17:27.090000,Pipe is free
2020-07-16T07:17:27.278000,Pipe is free
2020-07-16T07:17:28.092000,Pipe is free
2020-07-16T07:17:29.127000,Pipe is free
2020-07-16T07:22:22.333000,Pipe Blocked
2020-07-16T07:22:22.368000,Pipe Blocked
2020-07-16T07:22:22.362000,Pipe is free
2020-07-16T07:22:22.587000,Pipe is free
2020-07-16T07:22:22.588000,Pipe is free
2020-07-16T07:22:22.582000,Pipe is free
2020-07-16T07:22:22.588000,Pipe is free
2020-07-16T07:22:22.891000,Pipe is free
2020-07-16T07:22:22.892000,Pipe is free
2020-07-16T07:22:22.886000,Pipe is free
2020-07-16T07:22:23.123000,Pipe is free
2020-07-16T07:22:23.117000,Pipe is free
2020-07-16T07:22:23.123000,Pipe is free
2020-07-16T07:22:23.980000,Pipe is free
2020-07-16T07:22:24.024000,Pipe is free
2020-07-16T07:22:24.563000,Pipe is free
2020-07-16T07:22:25.300000,Pipe is free
2020-07-16T07:22:26.564000,Pipe is free
2020-07-16T07:22:26.733000,Pipe is free
2020-07-16T07:22:28.013000,Pipe is free
2020-07-16T07:22:28.247000,Pipe is free
2020-07-16T07:22:28.740000,Pipe is free
2020-07-16T07:22:29.449000,Pipe is free
2020-07-16T07:22:30.164000,Pipe is free
2020-07-16T07:22:30.965000,Pipe is free
2020-07-16T07:22:31.602000,Pipe is free
2020-07-16T07:22:32.236000,Pipe is free
2020-07-16T07:22:32.934000,Pipe is free
2020-07-16T07:22:33.928000,Pipe is free
2020-07-16T07:22:34.477000,Pipe is free
2020-07-16T07:22:35.082000,Pipe is free
2020-07-16T07:22:36.061000,Pipe is free
2020-07-16T07:22:36.452000,Pipe is free
2020-07-16T07:22:37.162000,Pipe is free
2020-07-16T07:22:37.855000,Pipe is free
2020-07-16T07:22:38.556000,Pipe is free
2020-07-16T07:22:39.786000,Pipe is free
2020-07-16T07:22:39.962000,Pipe is free
2020-07-16T07:22:41.310000,Pipe is free
2020-07-16T07:22:41.437000,Pipe is free
2020-07-16T07:22:42.046000,Pipe is free
2020-07-16T07:22:42.802000,Pipe is free
2020-07-16T07:22:43.450000,Pipe is free
2020-07-16T07:22:44.814000,Pipe is free
2020-07-16T07:22:44.942000,Pipe is free
2020-07-16T07:22:45.550000,Pipe is free
2020-07-16T07:22:46.265000,Pipe is free
2020-07-16T07:22:46.960000,Pipe is free
2020-07-16T07:22:47.665000,Pipe is free
2020-07-16T07:22:48.794000,Pipe is free
2020-07-16T07:22:49.196000,Pipe is free
2020-07-16T07:22:49.786000,Pipe is free
2020-07-16T07:22:50.483000,Pipe is free
2020-07-16T07:22:51.210000,Pipe is free
2020-07-16T07:22:51.880000,Pipe is free
2020-07-16T07:22:52.570000,Pipe is free
2020-07-16T07:22:53.390000,Pipe is free
2020-07-16T07:22:53.970000,Pipe is free
2020-07-16T07:22:54.685000,Pipe is free
2020-07-16T07:22:55.386000,Pipe is free
2020-07-16T07:22:56.722000,Pipe is free
2020-07-16T07:22:56.880000,Pipe is free
2020-07-16T07:22:57.510000,Pipe is free
2020-07-16T07:22:58.164000,Pipe is free
2020-07-16T07:22:59.121000,Pipe is free
2020-07-16T07:22:59.585000,Pipe is free
2020-07-16T07:23:00.641000,Pipe is free
2020-07-16T07:23:01.071000,Pipe is free
2020-07-16T07:23:01.681000,Pipe is free
2020-07-16T07:23:02.379000,Pipe is free
2020-07-16T07:23:03.110000,Pipe is free
2020-07-16T07:23:03.818000,Pipe is free
2020-07-16T07:23:04.568000,Pipe is free
2020-07-16T07:23:05.200000,Pipe is free
2020-07-16T07:23:05.880000,Pipe is free
2020-07-16T07:23:06.590000,Pipe is free
2020-07-16T07:23:07.314000,Pipe is free
2020-07-16T07:23:08.272000,Pipe is free
2020-07-16T07:23:08.692000,Pipe is free
2020-07-16T07:23:22.096000,Pipe is free
2020-07-16T07:23:23.033000,Pipe is free
2020-07-16T07:23:23.440000,Pipe is free
2020-07-16T07:23:24.110000,Pipe is free
2020-07-16T07:23:24.810000,Pipe is free
2020-07-16T07:23:25.564000,Pipe is free
2020-07-16T07:23:38.473000,Pipe Blocked
2020-07-16T07:23:38.476000,Pipe is free
2020-07-16T07:23:38.487000,Pipe is free
2020-07-16T07:23:38.536000,Pipe is free
2020-07-16T07:23:38.549000,Pipe is free
2020-07-16T07:23:38.558000,Pipe is free
2020-07-16T07:23:38.819000,Pipe is free
2020-07-16T07:23:38.824000,Pipe is free
2020-07-16T07:23:38.824000,Pipe is free
2020-07-16T07:23:38.826000,Pipe is free
2020-07-16T07:23:39.117000,Pipe is free
2020-07-16T07:23:39.121000,Pipe is free
2020-07-16T07:23:39.139000,Pipe is free
2020-07-16T07:23:39.409000,Pipe is free
2020-07-16T07:23:39.409000,Pipe is free
2020-07-16T07:23:39.410000,Pipe is free
2020-07-16T07:23:39.479000,Pipe is free
2020-07-16T07:23:39.664000,Pipe is free
2020-07-16T07:23:39.665000,Pipe is free
2020-07-16T07:23:40.111000,Pipe is free
2020-07-16T07:23:40.765000,Pipe is free
2020-07-16T07:23:41.471000,Pipe is free
2020-07-16T07:23:42.300000,Pipe is free
2020-07-16T07:23:42.864000,Pipe is free
2020-07-16T07:23:43.863000,Pipe is free
2020-07-16T07:23:44.283000,Pipe is free
2020-07-16T07:23:44.971000,Pipe is free
2020-07-16T07:23:45.710000,Pipe is free
2020-07-16T07:23:46.480000,Pipe is free
2020-07-16T07:23:47.223000,Pipe is free
2020-07-16T07:23:47.800000,Pipe is free
2020-07-16T07:23:48.524000,Pipe is free
2020-07-16T07:23:49.832000,Pipe is free
2020-07-16T07:23:49.990000,Pipe is free
2020-07-16T07:23:51.154000,Pipe is free
2020-07-16T07:23:51.332000,Pipe is free
2020-07-16T07:23:52.011000,Pipe is free
2020-07-16T07:23:52.731000,Pipe is free
2020-07-16T07:23:53.432000,Pipe is free
2020-07-16T07:23:54.111000,Pipe is free
2020-07-16T07:23:54.810000,Pipe is free
2020-07-16T07:23:55.514000,Pipe is free
2020-07-16T07:23:56.233000,Pipe is free
2020-07-16T07:23:57.043000,Pipe is free
2020-07-16T07:23:57.678000,Pipe is free
2020-07-16T07:23:58.319000,Pipe is free
2020-07-16T07:23:59.023000,Pipe is free
2020-07-16T07:23:59.749000,Pipe is free
2020-07-16T07:24:00.561000,Pipe is free
2020-07-16T07:24:01.200000,Pipe is free
2020-07-16T07:24:01.840000,Pipe is free
2020-07-16T07:24:03.012000,Pipe is free
2020-07-16T07:24:03.250000,Pipe is free
2020-07-16T07:24:03.960000,Pipe is free
2020-07-16T07:24:04.852000,Pipe is free
2020-07-16T07:24:05.354000,Pipe is free
2020-07-16T07:24:06.039000,Pipe is free
2020-07-16T07:24:06.744000,Pipe is free
2020-07-16T07:24:08.257000,Pipe is free
2020-07-16T07:24:08.444000,Pipe is free
2020-07-16T07:24:08.843000,Pipe is free
2020-07-16T07:24:09.546000,Pipe is free
2020-07-16T07:24:10.654000,Pipe is free
2020-07-16T07:24:10.968000,Pipe is free
2020-07-16T07:24:12.005000,Pipe is free
2020-07-16T07:24:12.443000,Pipe is free
2020-07-16T07:24:13.066000,Pipe is free
2020-07-16T07:24:13.754000,Pipe is free
2020-07-16T07:24:14.515000,Pipe is free
2020-07-16T07:24:15.183000,Pipe is free
2020-07-16T07:24:15.878000,Pipe is free
2020-07-16T07:24:16.569000,Pipe is free
2020-07-16T07:24:17.270000,Pipe is free
2020-07-16T07:24:17.982000,Pipe is free
2020-07-16T07:24:18.680000,Pipe is free
2020-07-16T07:24:19.473000,Pipe is free
2020-07-16T07:24:20.073000,Pipe is free
2020-07-16T07:24:20.772000,Pipe is free
2020-07-16T07:24:21.479000,Pipe is free
2020-07-16T07:24:22.345000,Pipe is free
2020-07-16T07:24:22.947000,Pipe is free
2020-07-16T07:24:23.817000,Pipe is free
2020-07-16T07:24:24.279000,Pipe is free
2020-07-16T07:24:25.487000,Pipe is free
2020-07-16T07:24:25.719000,Pipe is free
2020-07-16T07:24:26.378000,Pipe is free
2020-07-16T07:24:27.217000,Pipe is free
2020-07-16T07:24:27.784000,Pipe is free
2020-07-16T07:24:28.640000,Pipe is free
2020-07-16T07:24:29.674000,Pipe is free
2020-07-16T07:24:29.908000,Pipe is free
2020-07-16T07:24:30.666000,Pipe is free
2020-07-16T07:24:31.390000,Pipe is free
2020-07-16T07:24:32.740000,Pipe is free
2020-07-16T07:24:32.870000,Pipe is free
2020-07-16T07:24:33.425000,Pipe is free
2020-07-16T07:24:34.113000,Pipe is free
2020-07-16T07:24:34.809000,Pipe is free
2020-07-16T07:24:35.512000,Pipe is free
2020-07-16T07:24:36.198000,Pipe is free
2020-07-16T07:24:36.914000,Pipe is free
2020-07-16T07:24:37.598000,Pipe is free
2020-07-16T07:24:38.693000,Pipe is free
2020-07-16T07:24:39.023000,Pipe is free
2020-07-16T07:24:39.704000,Pipe is free
2020-07-16T07:24:40.826000,Pipe is free
2020-07-16T07:24:41.129000,Pipe is free
2020-07-16T07:24:41.833000,Pipe is free
2020-07-16T07:24:42.504000,Pipe is free
2020-07-16T07:24:43.200000,Pipe is free
2020-07-16T07:24:43.910000,Pipe is free
2020-07-16T07:24:44.643000,Pipe is free
2020-07-16T07:24:45.309000,Pipe is free
2020-07-16T07:24:46.279000,Pipe is free
2020-07-16T07:24:46.703000,Pipe is free
2020-07-16T07:24:47.488000,Pipe is free
2020-07-16T07:24:48.233000,Pipe is free
2020-07-16T07:24:48.842000,Pipe is free
2020-07-16T07:24:49.520000,Pipe is free
2020-07-16T07:24:50.575000,Pipe is free
2020-07-16T07:24:50.929000,Pipe is free
2020-07-16T07:24:52.149000,Pipe is free
2020-07-16T07:24:52.359000,Pipe is free
2020-07-16T07:24:53.058000,Pipe is free
2020-07-16T07:24:53.744000,Pipe is free
2020-07-16T07:24:54.424000,Pipe is free
2020-07-16T07:24:55.189000,Pipe is free
2020-07-16T07:24:55.918000,Pipe is free
2020-07-16T07:24:56.552000,Pipe is free
2020-07-16T07:24:57.238000,Pipe is free
2020-07-16T07:24:57.984000,Pipe is free
2020-07-16T07:24:58.639000,Pipe is free
2020-07-16T07:24:59.480000,Pipe is free
2020-07-16T07:25:00.110000,Pipe is free
2020-07-16T07:25:04.046000,Pipe Blocked
2020-07-16T07:25:04.054000,Pipe is free
2020-07-16T07:25:04.053000,Pipe Blocked
2020-07-16T07:25:04.559000,Pipe is free
2020-07-16T07:25:05.439000,Pipe is free
2020-07-16T07:25:05.892000,Pipe is free
2020-07-16T07:25:07.113000,Pipe is free
2020-07-16T07:25:07.302000,Pipe is free
2020-07-16T07:25:07.990000,Pipe is free
2020-07-16T07:25:08.719000,Pipe is free
2020-07-16T07:25:09.458000,Pipe is free
2020-07-16T07:25:10.190000,Pipe is free
2020-07-16T07:25:11.340000,Pipe is free
2020-07-16T07:25:11.584000,Pipe is free
2020-07-16T07:25:12.263000,Pipe is free
2020-07-16T07:25:13.159000,Pipe is free
2020-07-16T07:25:13.683000,Pipe is free
2020-07-16T07:25:14.509000,Pipe is free
2020-07-16T07:25:15.113000,Pipe is free
2020-07-16T07:25:15.792000,Pipe is free
2020-07-16T07:25:16.504000,Pipe is free
2020-07-16T07:25:17.251000,Pipe is free
2020-07-16T07:25:17.930000,Pipe is free
2020-07-16T07:25:18.609000,Pipe is free
2020-07-16T07:25:19.310000,Pipe is free
2020-07-16T07:25:20.035000,Pipe is free
2020-07-16T07:25:20.729000,Pipe is free
2020-07-16T07:25:21.513000,Pipe is free
2020-07-16T07:25:22.128000,Pipe is free
2020-07-16T07:25:22.809000,Pipe is free
2020-07-16T07:25:23.525000,Pipe is free
2020-07-16T07:25:24.233000,Pipe is free
2020-07-16T07:25:26.455000,Pipe is free
2020-07-16T07:25:26.557000,Pipe is free
2020-07-16T07:25:26.683000,Pipe is free
2020-07-16T07:25:27.040000,Pipe is free
2020-07-16T07:25:27.944000,Pipe is free
2020-07-16T07:25:28.447000,Pipe is free
2020-07-16T07:25:29.112000,Pipe is free
2020-07-16T07:25:29.823000,Pipe is free
2020-07-16T07:25:30.518000,Pipe is free
2020-07-16T07:25:31.241000,Pipe is free
2020-07-16T07:25:32.124000,Pipe is free
2020-07-16T07:25:32.718000,Pipe is free
2020-07-16T07:25:33.359000,Pipe is free
2020-07-16T07:25:34.049000,Pipe is free
2020-07-16T07:25:35.240000,Pipe is free
2020-07-16T07:25:35.482000,Pipe is free
2020-07-16T07:25:36.239000,Pipe is free
2020-07-16T07:25:36.909000,Pipe is free
2020-07-16T07:25:37.569000,Pipe is free
2020-07-16T07:25:38.305000,Pipe is free
2020-07-16T07:25:39.125000,Pipe is free
2020-07-16T07:25:39.679000,Pipe is free
2020-07-16T07:25:40.426000,Pipe is free
2020-07-16T07:25:41.106000,Pipe is free
2020-07-16T07:25:42.002000,Pipe is free
2020-07-16T07:25:43.254000,Pipe is free
2020-07-16T07:25:43.278000,Pipe is free
2020-07-16T07:25:43.908000,Pipe is free
2020-07-16T07:25:44.584000,Pipe is free
2020-07-16T07:25:45.325000,Pipe is free
2020-07-16T07:25:46.029000,Pipe is free
2020-07-16T07:25:47.048000,Pipe is free
2020-07-16T07:25:47.440000,Pipe is free
2020-07-16T07:25:48.683000,Pipe is free
2020-07-16T07:25:48.817000,Pipe is free
2020-07-16T07:25:49.650000,Pipe is free
2020-07-16T07:25:50.332000,Pipe is free
2020-07-16T07:25:50.992000,Pipe is free
2020-07-16T07:25:51.625000,Pipe is free
2020-07-16T07:25:52.940000,Pipe is free
2020-07-16T07:25:53.040000,Pipe is free
2020-07-16T07:25:53.723000,Pipe is free
2020-07-16T07:25:54.776000,Pipe is free
2020-07-16T07:25:55.137000,Pipe is free
2020-07-16T07:25:56.031000,Pipe is free
2020-07-16T07:25:56.583000,Pipe is free
2020-07-16T07:25:57.464000,Pipe is free
2020-07-16T07:25:57.948000,Pipe is free
2020-07-16T07:25:58.665000,Pipe is free
2020-07-16T07:25:59.344000,Pipe is free
2020-07-16T07:26:00.065000,Pipe is free
2020-07-16T07:26:00.969000,Pipe is free
2020-07-16T07:26:01.951000,Pipe is free
2020-07-16T07:26:02.172000,Pipe is free
2020-07-16T07:26:02.924000,Pipe is free
2020-07-16T07:26:04.105000,Pipe is free
2020-07-16T07:26:04.409000,Pipe is free
2020-07-16T07:26:04.998000,Pipe is free
2020-07-16T07:26:05.673000,Pipe is free
2020-07-16T07:26:06.368000,Pipe is free
2020-07-16T07:26:07.754000,Pipe is free
2020-07-16T07:26:07.937000,Pipe is free
2020-07-16T07:26:08.509000,Pipe is free
2020-07-16T07:26:09.534000,Pipe is free
2020-07-16T07:26:09.879000,Pipe is free
2020-07-16T07:26:10.580000,Pipe is free
2020-07-16T07:26:11.310000,Pipe is free
2020-07-16T07:26:12.089000,Pipe is free
2020-07-16T07:26:12.722000,Pipe is free
2020-07-16T07:26:13.727000,Pipe is free
2020-07-16T07:26:14.110000,Pipe is free
2020-07-16T07:26:14.825000,Pipe is free
2020-07-16T07:26:15.659000,Pipe is free
2020-07-16T07:26:16.972000,Pipe is free
2020-07-16T07:26:17.038000,Pipe is free
2020-07-16T07:26:17.853000,Pipe is free
2020-07-16T07:26:18.319000,Pipe is free
2020-07-16T07:26:19.140000,Pipe is free
2020-07-16T07:26:19.784000,Pipe is free
2020-07-16T07:26:20.399000,Pipe is free
2020-07-16T07:26:21.109000,Pipe is free
2020-07-16T07:26:21.823000,Pipe is free
2020-07-16T07:26:22.788000,Pipe is free
2020-07-16T07:26:23.248000,Pipe is free
2020-07-16T07:26:23.929000,Pipe is free
2020-07-16T07:26:24.950000,Pipe is free
2020-07-16T07:26:25.388000,Pipe is free
2020-07-16T07:26:26.162000,Pipe is free
2020-07-16T07:26:26.748000,Pipe is free
2020-07-16T07:26:27.438000,Pipe is free
2020-07-16T07:26:28.573000,Pipe is free
2020-07-16T07:26:28.823000,Pipe is free
2020-07-16T07:26:29.578000,Pipe is free
2020-07-16T07:26:30.320000,Pipe is free
2020-07-16T07:26:30.957000,Pipe is free
2020-07-16T07:26:31.632000,Pipe is free
2020-07-16T07:26:32.337000,Pipe is free
2020-07-16T07:26:33.043000,Pipe is free
2020-07-16T07:26:34.552000,Pipe is free
2020-07-16T07:26:34.695000,Pipe is free
2020-07-16T07:26:35.173000,Pipe is free
2020-07-16T07:26:36.374000,Pipe is free
2020-07-16T07:26:36.569000,Pipe is free
2020-07-16T07:26:37.266000,Pipe is free
2020-07-16T07:26:37.959000,Pipe is free
2020-07-16T07:26:38.657000,Pipe is free
2020-07-16T07:26:39.352000,Pipe is free
2020-07-16T07:26:40.144000,Pipe is free
2020-07-16T07:26:40.820000,Pipe is free
2020-07-16T07:26:41.491000,Pipe is free
2020-07-16T07:26:42.444000,Pipe is free
2020-07-16T07:26:43.504000,Pipe is free
2020-07-16T07:26:43.630000,Pipe is free
2020-07-16T07:26:44.519000,Pipe is free
2020-07-16T07:26:46.763000,Pipe is free
2020-07-16T07:26:46.757000,Pipe is free
2020-07-16T07:26:46.877000,Pipe is free
2020-07-16T07:26:47.097000,Pipe is free
2020-07-16T07:26:47.785000,Pipe is free
2020-07-16T07:26:49.328000,Pipe is free
2020-07-16T07:26:49.406000,Pipe is free
2020-07-16T07:26:50.044000,Pipe is free
2020-07-16T07:26:51.130000,Pipe is free
2020-07-16T07:26:51.293000,Pipe is free
2020-07-16T07:26:51.991000,Pipe is free
2020-07-16T07:26:52.705000,Pipe is free
2020-07-16T07:26:53.392000,Pipe is free
2020-07-16T07:26:54.099000,Pipe is free
2020-07-16T07:26:55.375000,Pipe is free
2020-07-16T07:26:55.637000,Pipe is free
2020-07-16T07:26:56.220000,Pipe is free
2020-07-16T07:26:57.170000,Pipe is free
2020-07-16T07:26:57.613000,Pipe is free
2020-07-16T07:26:58.533000,Pipe is free
2020-07-16T07:26:59.214000,Pipe is free
2020-07-16T07:26:59.737000,Pipe is free
2020-07-16T07:27:00.431000,Pipe is free
2020-07-16T07:27:01.154000,Pipe is free
2020-07-16T07:27:01.836000,Pipe is free
2020-07-16T07:27:02.576000,Pipe is free
2020-07-16T07:27:03.221000,Pipe is free
2020-07-16T07:27:04.361000,Pipe is free
2020-07-16T07:27:05.250000,Pipe is free
2020-07-16T07:27:05.441000,Pipe is free
2020-07-16T07:27:06.546000,Pipe is free
2020-07-16T07:27:06.776000,Pipe is free
2020-07-16T07:27:07.533000,Pipe is free
2020-07-16T07:27:08.151000,Pipe is free
2020-07-16T07:27:08.839000,Pipe is free
2020-07-16T07:27:09.545000,Pipe is free
2020-07-16T07:27:10.240000,Pipe is free
2020-07-16T07:27:10.943000,Pipe is free
2020-07-16T07:27:11.640000,Pipe is free
2020-07-16T07:27:12.349000,Pipe is free
2020-07-16T07:27:13.058000,Pipe is free
2020-07-16T07:27:13.863000,Pipe is free
2020-07-16T07:27:14.464000,Pipe is free
2020-07-16T07:27:15.149000,Pipe is free
2020-07-16T07:27:16.144000,Pipe is free
2020-07-16T07:27:16.562000,Pipe is free
2020-07-16T07:27:17.305000,Pipe is free
2020-07-16T07:27:34.290000,Pipe Blocked
2020-07-16T07:27:34.290000,Pipe is free
2020-07-16T07:27:34.291000,Pipe is free
2020-07-16T07:27:34.337000,Pipe is free
2020-07-16T07:27:34.337000,Pipe is free
2020-07-16T07:27:34.542000,Pipe is free
2020-07-16T07:27:34.543000,Pipe is free
2020-07-16T07:27:34.862000,Pipe is free
2020-07-16T07:27:34.857000,Pipe is free
2020-07-16T07:27:34.863000,Pipe is free
2020-07-16T07:27:35.107000,Pipe is free
2020-07-16T07:27:35.107000,Pipe is free
2020-07-16T07:27:35.100000,Pipe is free
2020-07-16T07:27:35.348000,Pipe is free
2020-07-16T07:27:35.348000,Pipe is free
2020-07-16T07:27:35.342000,Pipe is free
2020-07-16T07:27:35.615000,Pipe is free
2020-07-16T07:27:35.622000,Pipe is free
2020-07-16T07:27:35.622000,Pipe is free
2020-07-16T07:27:35.902000,Pipe is free
2020-07-16T07:27:35.896000,Pipe is free
2020-07-16T07:27:35.902000,Pipe is free
2020-07-16T07:27:36.940000,Pipe is free
2020-07-16T07:27:37.302000,Pipe is free
2020-07-16T07:27:38.022000,Pipe is free
2020-07-16T07:27:38.761000,Pipe is free
2020-07-16T07:27:39.438000,Pipe is free
2020-07-16T07:27:40.103000,Pipe is free
2020-07-16T07:27:40.799000,Pipe is free
2020-07-16T07:27:41.535000,Pipe is free
2020-07-16T07:27:42.228000,Pipe is free
2020-07-16T07:27:42.908000,Pipe is free
2020-07-16T07:27:43.622000,Pipe is free
2020-07-16T07:27:44.342000,Pipe Blocked
2020-07-16T07:27:45.022000,Pipe Blocked
2020-07-16T07:27:45.736000,Pipe Blocked
2020-07-16T07:27:46.432000,Pipe Blocked
2020-07-16T07:27:47.118000,Pipe Blocked
2020-07-16T07:27:48.189000,Pipe Blocked
2020-07-16T07:27:48.519000,Pipe Blocked
2020-07-16T07:27:49.223000,Pipe Blocked
2020-07-16T07:27:49.901000,Pipe Blocked
2020-07-16T07:27:50.640000,Pipe Blocked
2020-07-16T07:27:51.815000,Pipe Blocked
2020-07-16T07:27:52.022000,Pipe Blocked
2020-07-16T07:27:52.736000,Pipe Blocked
2020-07-16T07:27:53.536000,Pipe Blocked
2020-07-16T07:27:54.138000,Pipe Blocked
2020-07-16T07:27:54.868000,Pipe Blocked
2020-07-16T07:27:55.559000,Pipe Blocked
2020-07-16T07:27:56.263000,Pipe Blocked
2020-07-16T07:27:57.714000,Pipe Blocked
2020-07-16T07:27:57.828000,Pipe Blocked
2020-07-16T07:27:58.339000,Pipe Blocked
2020-07-16T07:27:59.578000,Pipe Blocked
2020-07-16T07:27:59.742000,Pipe Blocked
2020-07-16T07:28:00.960000,Pipe Blocked
2020-07-16T07:28:01.183000,Pipe Blocked
2020-07-16T07:28:21.680000,Pipe Blocked
2020-07-16T07:28:21.713000,Pipe Blocked
2020-07-16T07:28:21.715000,Pipe Blocked
2020-07-16T07:28:21.720000,Pipe Blocked
2020-07-16T07:28:21.721000,Pipe Blocked
2020-07-16T07:28:21.729000,Pipe Blocked
2020-07-16T07:28:21.776000,Pipe Blocked
2020-07-16T07:28:21.814000,Pipe Blocked
2020-07-16T07:28:21.826000,Pipe Blocked
2020-07-16T07:28:21.827000,Pipe Blocked
2020-07-16T07:28:22.049000,Pipe Blocked
2020-07-16T07:28:22.050000,Pipe Blocked
2020-07-16T07:28:22.050000,Pipe Blocked
2020-07-16T07:28:22.097000,Pipe Blocked
2020-07-16T07:28:22.342000,Pipe Blocked
2020-07-16T07:28:22.339000,Pipe Blocked
2020-07-16T07:28:22.351000,Pipe Blocked
2020-07-16T07:28:22.580000,Pipe Blocked
2020-07-16T07:28:22.580000,Pipe Blocked
2020-07-16T07:28:22.770000,Pipe Blocked
2020-07-16T07:28:23.440000,Pipe Blocked
2020-07-16T07:28:24.137000,Pipe Blocked
2020-07-16T07:28:24.847000,Pipe Blocked
2020-07-16T07:28:25.567000,Pipe Blocked
2020-07-16T07:28:26.266000,Pipe Blocked
2020-07-16T07:28:27.569000,Pipe Blocked
2020-07-16T07:28:27.803000,Pipe Blocked
2020-07-16T07:28:28.407000,Pipe Blocked
2020-07-16T07:28:29.808000,Pipe Blocked
2020-07-16T07:28:29.889000,Pipe Blocked
2020-07-16T07:28:30.467000,Pipe Blocked
2020-07-16T07:28:31.200000,Pipe Blocked
2020-07-16T07:28:31.907000,Pipe Blocked
2020-07-16T07:28:44.599000,Pipe Blocked
2020-07-16T07:28:44.603000,Pipe Blocked
2020-07-16T07:28:44.603000,Pipe Blocked
2020-07-16T07:28:44.648000,Pipe Blocked
2020-07-16T07:28:44.647000,Pipe Blocked
2020-07-16T07:28:44.641000,Pipe Blocked
2020-07-16T07:28:44.860000,Pipe Blocked
2020-07-16T07:28:44.866000,Pipe Blocked
2020-07-16T07:28:44.868000,Pipe Blocked
2020-07-16T07:28:45.061000,Pipe Blocked
2020-07-16T07:28:45.067000,Pipe Blocked
2020-07-16T07:28:45.247000,Pipe Blocked
2020-07-16T07:28:45.248000,Pipe Blocked
2020-07-16T07:28:45.439000,Pipe Blocked
2020-07-16T07:28:45.458000,Pipe Blocked
2020-07-16T07:28:45.687000,Pipe Blocked
2020-07-16T07:28:45.680000,Pipe is free
2020-07-16T07:28:46.046000,Pipe is free
2020-07-16T07:28:46.760000,Pipe is free
2020-07-16T07:28:47.460000,Pipe is free
2020-07-16T07:28:48.411000,Pipe Blocked
2020-07-16T07:28:48.846000,Pipe Blocked
2020-07-16T07:28:49.558000,Pipe Blocked
2020-07-16T07:28:50.646000,Pipe Blocked
2020-07-16T07:28:50.941000,Pipe is free
2020-07-16T07:28:51.677000,Pipe is free
2020-07-16T07:28:52.466000,Pipe Blocked
2020-07-16T07:28:53.096000,Pipe Blocked
2020-07-16T07:28:54.209000,Pipe Blocked
2020-07-16T07:28:54.517000,Pipe Blocked
2020-07-16T07:28:55.167000,Pipe Blocked
2020-07-16T07:28:56.021000,Pipe Blocked
2020-07-16T07:28:56.660000,Pipe Blocked
2020-07-16T07:28:57.258000,Pipe Blocked
2020-07-16T07:28:57.998000,Pipe Blocked
2020-07-16T07:28:58.721000,Pipe Blocked
2020-07-16T07:28:59.391000,Pipe is free
2020-07-16T07:29:00.137000,Pipe is free
2020-07-16T07:29:00.765000,Pipe Blocked
2020-07-16T07:29:02.092000,Pipe Blocked
2020-07-16T07:29:02.253000,Pipe Blocked
2020-07-16T07:29:03.400000,Pipe Blocked
2020-07-16T07:29:03.572000,Pipe Blocked
2020-07-16T07:29:04.283000,Pipe Blocked
2020-07-16T07:29:05.005000,Pipe Blocked
2020-07-16T07:29:05.731000,Pipe Blocked
2020-07-16T07:29:06.376000,Pipe Blocked
2020-07-16T07:29:07.092000,Pipe Blocked
2020-07-16T07:29:07.781000,Pipe Blocked
2020-07-16T07:29:09.177000,Pipe Blocked
2020-07-16T07:29:09.276000,Pipe Blocked
2020-07-16T07:29:09.924000,Pipe Blocked
2020-07-16T07:29:10.585000,Pipe Blocked
2020-07-16T07:29:11.445000,Pipe Blocked
2020-07-16T07:29:11.984000,Pipe Blocked
2020-07-16T07:29:12.742000,Pipe Blocked
2020-07-16T07:29:13.462000,Pipe Blocked
2020-07-16T07:29:14.161000,Pipe Blocked
2020-07-16T07:29:15.040000,Pipe Blocked
2020-07-16T07:29:15.557000,Pipe Blocked
2020-07-16T07:29:16.748000,Pipe Blocked
2020-07-16T07:29:16.937000,Pipe Blocked
2020-07-16T07:29:17.644000,Pipe Blocked
2020-07-16T07:29:18.427000,Pipe Blocked
2020-07-16T07:29:19.037000,Pipe Blocked
2020-07-16T07:29:19.920000,Pipe Blocked
2020-07-16T07:29:20.998000,Pipe Blocked
2020-07-16T07:29:21.139000,Pipe Blocked
2020-07-16T07:29:21.819000,Pipe Blocked
2020-07-16T07:29:22.919000,Pipe Blocked
2020-07-16T07:29:24.922000,Pipe Blocked
2020-07-16T07:29:24.951000,Pipe Blocked
2020-07-16T07:29:25.155000,Pipe Blocked
2020-07-16T07:29:25.439000,Pipe Blocked
2020-07-16T07:29:26.051000,Pipe Blocked
2020-07-16T07:29:26.745000,Pipe Blocked
2020-07-16T07:29:27.485000,Pipe Blocked
2020-07-16T07:29:28.138000,Pipe Blocked
2020-07-16T07:29:28.899000,Pipe Blocked
2020-07-16T07:29:29.971000,Pipe Blocked
2020-07-16T07:29:30.299000,Pipe Blocked
2020-07-16T07:29:30.981000,Pipe Blocked
2020-07-16T07:29:32.231000,Pipe Blocked
2020-07-16T07:29:32.491000,Pipe Blocked
2020-07-16T07:29:33.058000,Pipe Blocked
2020-07-16T07:29:33.760000,Pipe Blocked
2020-07-16T07:29:34.527000,Pipe Blocked
2020-07-16T07:29:35.795000,Pipe Blocked
2020-07-16T07:29:36.015000,Pipe Blocked
2020-07-16T07:29:36.621000,Pipe Blocked
2020-07-16T07:29:37.327000,Pipe Blocked
2020-07-16T07:29:37.983000,Pipe Blocked
2020-07-16T07:29:38.685000,Pipe Blocked
2020-07-16T07:29:39.411000,Pipe Blocked
2020-07-16T07:29:40.498000,Pipe Blocked
2020-07-16T07:29:40.814000,Pipe Blocked
2020-07-16T07:29:41.811000,Pipe is free
2020-07-16T07:29:42.182000,Pipe is free
2020-07-16T07:29:42.885000,Pipe is free
2020-07-16T07:29:43.676000,Pipe is free
2020-07-16T07:29:44.267000,Pipe is free
2020-07-16T07:29:44.977000,Pipe is free
2020-07-16T07:29:45.733000,Pipe Blocked
2020-07-16T07:29:46.370000,Pipe Blocked
2020-07-16T07:29:47.070000,Pipe Blocked
2020-07-16T07:29:47.819000,Pipe Blocked
2020-07-16T07:29:48.487000,Pipe Blocked
2020-07-16T07:29:49.193000,Pipe Blocked
2020-07-16T07:29:49.896000,Pipe Blocked
2020-07-16T07:29:50.851000,Pipe Blocked
2020-07-16T07:29:51.287000,Pipe Blocked
2020-07-16T07:29:51.997000,Pipe Blocked
2020-07-16T07:29:52.477000,Pipe Blocked
2020-07-16T07:29:52.999000,Pipe Blocked
2020-07-16T07:29:52.996000,Pipe Blocked
2020-07-16T07:29:53.011000,Pipe Blocked
2020-07-16T07:29:53.007000,Pipe Blocked
2020-07-16T07:29:53.230000,Pipe Blocked
2020-07-16T07:29:53.646000,Pipe is free
2020-07-16T07:29:54.271000,Pipe Blocked
2020-07-16T07:29:54.491000,Pipe Blocked
2020-07-16T07:29:54.695000,Pipe is free
2020-07-16T07:29:54.917000,Pipe Blocked
2020-07-16T07:29:55.129000,Pipe Blocked
2020-07-16T07:29:55.581000,Pipe is free
2020-07-16T07:29:55.583000,Pipe Blocked
2020-07-16T07:29:55.786000,Pipe Blocked
2020-07-16T07:29:56.766000,Pipe Blocked
2020-07-16T07:29:56.966000,Pipe Blocked
2020-07-16T07:29:57.439000,Pipe is free
2020-07-16T07:29:58.127000,Pipe Blocked
2020-07-16T07:29:58.295000,Pipe Blocked
2020-07-16T07:29:58.597000,Pipe Blocked
2020-07-16T07:29:58.598000,Pipe Blocked
2020-07-16T07:29:58.597000,Pipe is free
2020-07-16T07:29:58.598000,Pipe Blocked
2020-07-16T07:29:58.887000,Pipe Blocked
2020-07-16T07:29:59.305000,Pipe Blocked
2020-07-16T07:29:59.306000,Pipe Blocked
2020-07-16T07:29:59.732000,Pipe is free
2020-07-16T07:29:59.733000,Pipe Blocked
2020-07-16T07:30:00.318000,Pipe Blocked
2020-07-16T07:30:00.626000,Pipe Blocked
2020-07-16T07:30:00.620000,Pipe is free
2020-07-16T07:30:00.627000,Pipe Blocked
2020-07-16T07:30:00.991000,Pipe Blocked
2020-07-16T07:30:01.575000,Pipe Blocked
2020-07-16T07:30:01.582000,Pipe Blocked
2020-07-16T07:30:02.191000,Pipe Blocked
2020-07-16T07:30:02.822000,Pipe Blocked
2020-07-16T07:30:03.471000,Pipe Blocked
2020-07-16T07:30:04.495000,Pipe Blocked
2020-07-16T07:30:04.894000,Pipe Blocked
2020-07-16T07:30:05.725000,Pipe Blocked
2020-07-16T07:30:06.546000,Pipe Blocked
2020-07-16T07:30:07.021000,Pipe Blocked
2020-07-16T07:30:07.647000,Pipe Blocked
2020-07-16T07:30:08.369000,Pipe Blocked
2020-07-16T07:30:09.086000,Pipe Blocked
2020-07-16T07:30:09.773000,Pipe Blocked
2020-07-16T07:30:10.498000,Pipe Blocked
2020-07-16T07:30:11.595000,Pipe Blocked
2020-07-16T07:30:11.867000,Pipe Blocked
2020-07-16T07:30:12.903000,Pipe Blocked
2020-07-16T07:30:13.292000,Pipe Blocked
2020-07-16T07:30:14.104000,Pipe Blocked
2020-07-16T07:30:14.728000,Pipe Blocked
2020-07-16T07:30:15.410000,Pipe Blocked
2020-07-16T07:30:16.097000,Pipe Blocked
2020-07-16T07:30:16.804000,Pipe Blocked
2020-07-16T07:30:17.609000,Pipe Blocked
2020-07-16T07:30:18.219000,Pipe Blocked
2020-07-16T07:30:19.258000,Pipe Blocked
2020-07-16T07:30:19.604000,Pipe Blocked
2020-07-16T07:30:20.336000,Pipe Blocked
2020-07-16T07:30:21.048000,Pipe Blocked
2020-07-16T07:30:21.710000,Pipe Blocked
2020-07-16T07:30:22.389000,Pipe Blocked
2020-07-16T07:30:23.513000,Pipe Blocked
2020-07-16T07:30:23.805000,Pipe Blocked
2020-07-16T07:30:24.498000,Pipe Blocked
2020-07-16T07:30:25.353000,Pipe Blocked
2020-07-16T07:30:25.921000,Pipe Blocked
2020-07-16T07:30:26.604000,Pipe Blocked
2020-07-16T07:30:27.408000,Pipe Blocked
2020-07-16T07:30:28.456000,Pipe Blocked
2020-07-16T07:30:28.923000,Pipe Blocked
2020-07-16T07:30:29.430000,Pipe Blocked
2020-07-16T07:30:30.109000,Pipe Blocked
2020-07-16T07:30:30.791000,Pipe Blocked
2020-07-16T07:30:31.632000,Pipe Blocked
2020-07-16T07:30:32.425000,Pipe Blocked
2020-07-16T07:30:32.910000,Pipe Blocked
2020-07-16T07:30:33.607000,Pipe Blocked
2020-07-16T07:30:34.642000,Pipe Blocked
2020-07-16T07:30:35.223000,Pipe Blocked
2020-07-16T07:30:35.732000,Pipe Blocked
2020-07-16T07:30:36.472000,Pipe Blocked
2020-07-16T07:30:37.376000,Pipe Blocked
2020-07-16T07:30:38.859000,Pipe Blocked
2020-07-16T07:30:38.853000,Pipe Blocked
2020-07-16T07:30:39.229000,Pipe Blocked
2020-07-16T07:30:39.923000,Pipe Blocked
2020-07-16T07:30:40.743000,Pipe Blocked
2020-07-16T07:30:41.565000,Pipe Blocked
2020-07-16T07:30:42.058000,Pipe Blocked
2020-07-16T07:30:42.762000,Pipe Blocked
2020-07-16T07:30:44.321000,Pipe Blocked
2020-07-16T07:30:44.364000,Pipe Blocked
2020-07-16T07:30:44.913000,Pipe Blocked
2020-07-16T07:30:46.083000,Pipe Blocked
2020-07-16T07:30:46.260000,Pipe Blocked
2020-07-16T07:34:32.010000,Pipe Blocked
2020-07-16T07:34:32.055000,Pipe Blocked
2020-07-16T07:34:32.055000,Pipe Blocked
2020-07-16T07:34:32.344000,Pipe Blocked
2020-07-16T07:34:32.335000,Pipe Blocked
2020-07-16T07:34:32.342000,Pipe Blocked
2020-07-16T07:34:32.357000,Pipe Blocked
2020-07-16T07:34:32.636000,Pipe Blocked
2020-07-16T07:34:33.190000,Pipe Blocked
2020-07-16T07:34:33.195000,Pipe Blocked
2020-07-16T07:34:33.245000,Pipe Blocked
2020-07-16T07:34:33.256000,Pipe Blocked
2020-07-16T07:34:33.267000,Pipe Blocked
2020-07-16T07:34:33.496000,Pipe Blocked
2020-07-16T07:34:34.321000,Pipe Blocked
2020-07-16T07:34:35.025000,Pipe Blocked
2020-07-16T07:34:35.565000,Pipe Blocked
2020-07-16T07:34:36.270000,Pipe Blocked
2020-07-16T07:34:37.002000,Pipe Blocked
2020-07-16T07:34:37.680000,Pipe Blocked
2020-07-16T07:34:38.395000,Pipe Blocked
2020-07-16T07:34:39.069000,Pipe Blocked
2020-07-16T07:34:39.757000,Pipe Blocked
2020-07-16T07:34:40.513000,Pipe Blocked
2020-07-16T07:34:41.270000,Pipe Blocked
2020-07-16T07:34:42.007000,Pipe Blocked
2020-07-16T07:34:42.582000,Pipe Blocked
2020-07-16T07:34:43.281000,Pipe Blocked
2020-07-16T07:34:44.352000,Pipe Blocked
2020-07-16T07:34:44.676000,Pipe Blocked
2020-07-16T07:34:45.432000,Pipe Blocked
2020-07-16T07:34:46.081000,Pipe Blocked
2020-07-16T07:34:46.789000,Pipe Blocked
2020-07-16T07:34:47.723000,Pipe Blocked
2020-07-16T07:34:48.273000,Pipe Blocked
2020-07-16T07:34:48.949000,Pipe Blocked
2020-07-16T07:34:49.600000,Pipe Blocked
2020-07-16T07:34:50.311000,Pipe Blocked
2020-07-16T07:34:51.020000,Pipe Blocked
2020-07-16T07:34:51.764000,Pipe Blocked
2020-07-16T07:34:52.399000,Pipe Blocked
2020-07-16T07:34:53.121000,Pipe Blocked
2020-07-16T07:34:54.016000,Pipe Blocked
2020-07-16T07:34:54.522000,Pipe Blocked
2020-07-16T07:34:55.847000,Pipe Blocked
2020-07-16T07:34:56.002000,Pipe Blocked
2020-07-16T07:34:56.600000,Pipe Blocked
2020-07-16T07:34:58.202000,Pipe Blocked
2020-07-16T07:34:58.233000,Pipe Blocked
2020-07-16T07:34:58.757000,Pipe Blocked
2020-07-16T07:34:59.466000,Pipe Blocked
2020-07-16T07:35:00.125000,Pipe Blocked
2020-07-16T07:35:00.806000,Pipe Blocked
2020-07-16T07:35:01.520000,Pipe Blocked
2020-07-16T07:35:02.244000,Pipe Blocked
2020-07-16T07:35:02.915000,Pipe Blocked
2020-07-16T07:35:03.671000,Pipe Blocked
2020-07-16T07:35:04.321000,Pipe Blocked
2020-07-16T07:35:05.228000,Pipe Blocked
2020-07-16T07:35:05.753000,Pipe Blocked
2020-07-16T07:35:06.556000,Pipe Blocked
2020-07-16T07:35:07.162000,Pipe Blocked
2020-07-16T07:35:07.820000,Pipe Blocked
2020-07-16T07:35:08.522000,Pipe Blocked
2020-07-16T07:35:09.264000,Pipe Blocked
2020-07-16T07:35:10.708000,Pipe Blocked
2020-07-16T07:35:10.789000,Pipe Blocked
2020-07-16T07:35:11.353000,Pipe Blocked
2020-07-16T07:35:12.075000,Pipe Blocked
2020-07-16T07:35:12.750000,Pipe Blocked
2020-07-16T07:35:13.471000,Pipe Blocked
2020-07-16T07:35:14.817000,Pipe Blocked
2020-07-16T07:35:14.920000,Pipe Blocked
2020-07-16T07:35:15.554000,Pipe Blocked
2020-07-16T07:35:16.265000,Pipe Blocked
2020-07-16T07:35:16.961000,Pipe Blocked
2020-07-16T07:35:17.663000,Pipe Blocked
2020-07-16T07:35:18.991000,Pipe Blocked
2020-07-16T07:35:19.113000,Pipe Blocked
2020-07-16T07:35:19.797000,Pipe Blocked
2020-07-16T07:35:20.473000,Pipe Blocked
2020-07-16T07:35:21.276000,Pipe Blocked
2020-07-16T07:35:21.905000,Pipe Blocked
2020-07-16T07:35:22.549000,Pipe Blocked
2020-07-16T07:35:23.313000,Pipe Blocked
2020-07-16T07:35:23.957000,Pipe Blocked
2020-07-16T07:35:24.667000,Pipe Blocked
2020-07-16T07:35:25.993000,Pipe Blocked
2020-07-16T07:35:26.072000,Pipe Blocked
2020-07-16T07:35:26.789000,Pipe Blocked
2020-07-16T07:35:27.471000,Pipe Blocked
2020-07-16T07:35:28.200000,Pipe Blocked
2020-07-16T07:35:28.869000,Pipe Blocked
2020-07-16T07:35:29.937000,Pipe Blocked
2020-07-16T07:35:30.281000,Pipe Blocked
2020-07-16T07:35:31.506000,Pipe Blocked
2020-07-16T07:35:31.703000,Pipe is free
2020-07-16T07:35:32.384000,Pipe is free
2020-07-16T07:35:33.111000,Pipe is free
2020-07-16T07:35:33.790000,Pipe is free
2020-07-16T07:35:34.484000,Pipe is free
2020-07-16T07:35:35.598000,Pipe is free
2020-07-16T07:35:36.017000,Pipe is free
2020-07-16T07:35:36.623000,Pipe is free
2020-07-16T07:35:37.590000,Pipe is free
2020-07-16T07:35:38.030000,Pipe is free
2020-07-16T07:35:38.709000,Pipe is free
2020-07-16T07:35:39.390000,Pipe is free
2020-07-16T07:35:40.140000,Pipe is free
2020-07-16T07:35:40.802000,Pipe is free
2020-07-16T07:35:41.556000,Pipe Blocked
2020-07-16T07:35:42.224000,Pipe Blocked
2020-07-16T07:35:42.940000,Pipe Blocked
2020-07-16T07:35:43.625000,Pipe Blocked
2020-07-16T07:35:44.492000,Pipe Blocked
2020-07-16T07:35:45.034000,Pipe Blocked
2020-07-16T07:35:45.717000,Pipe Blocked
2020-07-16T07:35:46.852000,Pipe Blocked
2020-07-16T07:35:47.193000,Pipe is free
2020-07-16T07:35:47.827000,Pipe is free
2020-07-16T07:35:48.513000,Pipe is free
2020-07-16T07:35:49.236000,Pipe is free
2020-07-16T07:35:49.950000,Pipe Blocked
2020-07-16T07:35:50.716000,Pipe Blocked
2020-07-16T07:35:51.343000,Pipe Blocked
2020-07-16T07:35:52.040000,Pipe Blocked
2020-07-16T07:35:52.954000,Pipe Blocked
2020-07-16T07:35:53.459000,Pipe Blocked
2020-07-16T07:35:54.153000,Pipe is free
2020-07-16T07:35:54.863000,Pipe is free
2020-07-16T07:35:55.550000,Pipe is free
2020-07-16T07:35:56.234000,Pipe is free
2020-07-16T07:35:56.983000,Pipe Blocked
2020-07-16T07:35:58.235000,Pipe Blocked
2020-07-16T07:35:58.390000,Pipe Blocked
2020-07-16T07:35:59.036000,Pipe Blocked
2020-07-16T07:36:00.637000,Pipe Blocked
2020-07-16T07:35:59.994000,Pipe Blocked
2020-07-16T07:36:01.157000,Pipe is free
2020-07-16T07:36:01.864000,Pipe is free
2020-07-16T07:36:02.551000,Pipe Blocked
2020-07-16T07:36:03.260000,Pipe Blocked
2020-07-16T07:36:03.961000,Pipe Blocked
2020-07-16T07:36:04.635000,Pipe Blocked
2020-07-16T07:36:05.380000,Pipe Blocked
2020-07-16T07:36:06.060000,Pipe Blocked
2020-07-16T07:36:06.761000,Pipe Blocked
2020-07-16T07:36:07.578000,Pipe Blocked
2020-07-16T07:36:08.311000,Pipe Blocked
2020-07-16T07:36:08.867000,Pipe Blocked
2020-07-16T07:36:09.583000,Pipe Blocked
2020-07-16T07:36:10.303000,Pipe Blocked
2020-07-16T07:36:10.990000,Pipe Blocked
2020-07-16T07:36:11.712000,Pipe Blocked
2020-07-16T07:36:12.383000,Pipe Blocked
2020-07-16T07:36:13.273000,Pipe Blocked
2020-07-16T07:36:13.799000,Pipe Blocked
2020-07-16T07:36:14.481000,Pipe Blocked
2020-07-16T07:36:15.223000,Pipe Blocked
2020-07-16T07:36:15.900000,Pipe Blocked
2020-07-16T07:36:17.188000,Pipe Blocked
2020-07-16T07:36:17.307000,Pipe Blocked
2020-07-16T07:36:18.042000,Pipe Blocked
2020-07-16T07:36:19.019000,Pipe Blocked
2020-07-16T07:36:19.603000,Pipe Blocked
2020-07-16T07:36:20.105000,Pipe Blocked
2020-07-16T07:36:20.801000,Pipe Blocked
2020-07-16T07:36:21.531000,Pipe Blocked
2020-07-16T07:36:22.232000,Pipe Blocked
2020-07-16T07:36:23.040000,Pipe Blocked
2020-07-16T07:36:23.626000,Pipe Blocked
2020-07-16T07:36:24.314000,Pipe Blocked
2020-07-16T07:36:25.023000,Pipe Blocked
2020-07-16T07:36:26.095000,Pipe Blocked
2020-07-16T07:36:26.423000,Pipe Blocked
2020-07-16T07:36:27.180000,Pipe Blocked
2020-07-16T07:36:28.395000,Pipe Blocked
2020-07-16T07:36:28.565000,Pipe Blocked
2020-07-16T07:36:29.223000,Pipe Blocked
2020-07-16T07:36:29.910000,Pipe Blocked
2020-07-16T07:36:30.632000,Pipe Blocked
2020-07-16T07:36:31.309000,Pipe Blocked
2020-07-16T07:36:32.390000,Pipe Blocked
2020-07-16T07:36:32.724000,Pipe Blocked
2020-07-16T07:36:34.015000,Pipe Blocked
2020-07-16T07:36:34.249000,Pipe Blocked
2020-07-16T07:36:34.850000,Pipe Blocked
2020-07-16T07:36:35.521000,Pipe Blocked
2020-07-16T07:36:36.230000,Pipe Blocked
2020-07-16T07:36:36.952000,Pipe Blocked
2020-07-16T07:36:38.014000,Pipe Blocked
2020-07-16T07:36:38.383000,Pipe Blocked
2020-07-16T07:36:39.030000,Pipe Blocked
2020-07-16T07:36:39.897000,Pipe Blocked
2020-07-16T07:36:40.470000,Pipe Blocked
2020-07-16T07:36:41.305000,Pipe Blocked
2020-07-16T07:36:42.323000,Pipe Blocked
2020-07-16T07:36:42.563000,Pipe Blocked
2020-07-16T07:36:43.278000,Pipe Blocked
2020-07-16T07:36:43.954000,Pipe Blocked
2020-07-16T07:36:44.638000,Pipe Blocked
2020-07-16T07:36:45.447000,Pipe Blocked
2020-07-16T07:36:46.076000,Pipe is free
2020-07-16T07:36:46.967000,Pipe is free
2020-07-16T07:36:47.480000,Pipe is free
2020-07-16T07:36:48.303000,Pipe is free
2020-07-16T07:36:49.201000,Pipe Blocked
2020-07-16T07:36:51.346000,Pipe Blocked
2020-07-16T07:36:51.344000,Pipe Blocked
2020-07-16T07:36:51.352000,Pipe Blocked
2020-07-16T07:36:51.732000,Pipe Blocked
2020-07-16T07:36:52.398000,Pipe Blocked
2020-07-16T07:36:53.282000,Pipe Blocked
2020-07-16T07:36:53.760000,Pipe Blocked
2020-07-16T07:36:54.478000,Pipe Blocked
2020-07-16T07:36:55.201000,Pipe Blocked
2020-07-16T07:36:55.885000,Pipe Blocked
2020-07-16T07:36:56.669000,Pipe Blocked
2020-07-16T07:36:57.270000,Pipe Blocked
2020-07-16T07:36:57.983000,Pipe Blocked
2020-07-16T07:36:58.790000,Pipe Blocked
2020-07-16T07:36:59.391000,Pipe Blocked
2020-07-16T07:37:00.115000,Pipe Blocked
2020-07-16T07:37:00.780000,Pipe Blocked
2020-07-16T07:37:01.470000,Pipe Blocked
2020-07-16T07:37:02.199000,Pipe Blocked
2020-07-16T07:37:03.118000,Pipe Blocked
2020-07-16T07:37:03.660000,Pipe Blocked
2020-07-16T07:37:04.303000,Pipe Blocked
2020-07-16T07:37:05.023000,Pipe Blocked
2020-07-16T07:37:05.688000,Pipe Blocked
2020-07-16T07:37:06.390000,Pipe Blocked
2020-07-16T07:37:07.961000,Pipe Blocked
2020-07-16T07:37:08.064000,Pipe Blocked
2020-07-16T07:37:08.480000,Pipe Blocked
2020-07-16T07:37:09.190000,Pipe Blocked
2020-07-16T07:37:10.068000,Pipe Blocked
2020-07-16T07:37:10.590000,Pipe Blocked
2020-07-16T07:37:11.280000,Pipe Blocked
2020-07-16T07:37:12.023000,Pipe Blocked
2020-07-16T07:37:12.703000,Pipe Blocked
2020-07-16T07:37:13.401000,Pipe Blocked
2020-07-16T07:37:14.232000,Pipe Blocked
2020-07-16T07:37:15.081000,Pipe Blocked
2020-07-16T07:37:15.599000,Pipe Blocked
2020-07-16T07:37:16.310000,Pipe Blocked
2020-07-16T07:37:17.113000,Pipe Blocked
2020-07-16T07:37:17.722000,Pipe Blocked
2020-07-16T07:37:18.601000,Pipe Blocked
2020-07-16T07:37:19.140000,Pipe Blocked
2020-07-16T07:37:19.801000,Pipe Blocked
2020-07-16T07:37:20.528000,Pipe Blocked
2020-07-16T07:37:21.457000,Pipe Blocked
2020-07-16T07:37:22.028000,Pipe Blocked
2020-07-16T07:37:22.600000,Pipe Blocked
2020-07-16T07:37:23.945000,Pipe Blocked
2020-07-16T07:37:24.020000,Pipe Blocked
2020-07-16T07:37:24.742000,Pipe Blocked
2020-07-16T07:37:25.430000,Pipe is free
2020-07-16T07:37:26.119000,Pipe is free
2020-07-16T07:37:26.800000,Pipe Blocked
2020-07-16T07:37:27.521000,Pipe Blocked
2020-07-16T07:37:28.223000,Pipe is free
2020-07-16T07:37:28.943000,Pipe is free
2020-07-16T07:37:29.599000,Pipe Blocked
2020-07-16T07:37:30.309000,Pipe Blocked
2020-07-16T07:37:31.022000,Pipe is free
2020-07-16T07:37:31.838000,Pipe is free
2020-07-16T07:37:32.423000,Pipe Blocked
2020-07-16T07:37:33.110000,Pipe Blocked
2020-07-16T07:37:33.840000,Pipe is free
2020-07-16T07:37:34.559000,Pipe is free
2020-07-16T07:37:35.237000,Pipe Blocked
2020-07-16T07:37:35.910000,Pipe Blocked
2020-07-16T07:37:36.626000,Pipe Blocked
2020-07-16T07:37:37.480000,Pipe Blocked
2020-07-16T07:37:38.070000,Pipe Blocked
2020-07-16T07:37:38.762000,Pipe Blocked
2020-07-16T07:37:39.434000,Pipe is free
2020-07-16T07:37:40.431000,Pipe is free
2020-07-16T07:37:40.843000,Pipe is free
2020-07-16T07:37:41.657000,Pipe is free
2020-07-16T07:37:42.380000,Pipe is free
2020-07-16T07:37:42.969000,Pipe is free
2020-07-16T07:37:43.652000,Pipe Blocked
2020-07-16T07:37:44.318000,Pipe Blocked
2020-07-16T07:37:45.032000,Pipe Blocked
2020-07-16T07:37:45.743000,Pipe Blocked
2020-07-16T07:37:46.426000,Pipe is free
2020-07-16T07:37:47.160000,Pipe is free
2020-07-16T07:37:48.160000,Pipe is free
2020-07-16T07:37:48.517000,Pipe is free
2020-07-16T07:37:50.391000,Pipe Blocked
2020-07-16T07:37:50.548000,Pipe Blocked
2020-07-16T07:37:50.743000,Pipe Blocked
2020-07-16T07:37:51.626000,Pipe Blocked
2020-07-16T07:37:52.043000,Pipe Blocked
2020-07-16T07:37:52.834000,Pipe Blocked
2020-07-16T07:37:53.430000,Pipe Blocked
2020-07-16T07:37:54.140000,Pipe Blocked
2020-07-16T07:37:54.871000,Pipe Blocked
2020-07-16T07:37:55.636000,Pipe Blocked
2020-07-16T07:37:56.230000,Pipe Blocked
2020-07-16T07:37:57.174000,Pipe Blocked
2020-07-16T07:37:57.642000,Pipe Blocked
2020-07-16T07:37:58.351000,Pipe Blocked
2020-07-16T07:37:59.070000,Pipe is free
2020-07-16T07:37:59.750000,Pipe is free
2020-07-16T07:38:01.141000,Pipe Blocked
2020-07-16T07:38:01.264000,Pipe Blocked
2020-07-16T07:38:01.841000,Pipe Blocked
2020-07-16T07:38:03.094000,Pipe Blocked
2020-07-16T07:38:03.272000,Pipe is free
2020-07-16T07:38:03.959000,Pipe is free
2020-07-16T07:38:04.638000,Pipe is free
2020-07-16T07:38:05.574000,Pipe is free
2020-07-16T07:38:06.062000,Pipe Blocked
2020-07-16T07:38:06.783000,Pipe Blocked
2020-07-16T07:38:07.444000,Pipe Blocked
2020-07-16T07:38:08.150000,Pipe Blocked
2020-07-16T07:38:08.943000,Pipe Blocked
2020-07-16T07:38:09.599000,Pipe Blocked
2020-07-16T07:38:10.262000,Pipe is free
2020-07-16T07:38:11.294000,Pipe is free
2020-07-16T07:38:12.924000,Pipe Blocked
2020-07-16T07:38:13.010000,Pipe Blocked
2020-07-16T07:38:13.316000,Pipe Blocked
2020-07-16T07:38:13.741000,Pipe Blocked
2020-07-16T07:38:14.464000,Pipe Blocked
2020-07-16T07:38:15.150000,Pipe Blocked
2020-07-16T07:38:15.879000,Pipe Blocked
2020-07-16T07:38:16.629000,Pipe Blocked
2020-07-16T07:38:17.946000,Pipe Blocked
2020-07-16T07:38:18.010000,Pipe Blocked
2020-07-16T07:38:18.661000,Pipe Blocked
2020-07-16T07:38:19.399000,Pipe Blocked
2020-07-16T07:38:20.084000,Pipe Blocked
2020-07-16T07:38:20.838000,Pipe Blocked
2020-07-16T07:38:21.943000,Pipe Blocked
2020-07-16T07:38:22.240000,Pipe Blocked
2020-07-16T07:38:22.952000,Pipe Blocked
2020-07-16T07:38:23.885000,Pipe Blocked
2020-07-16T07:38:25.066000,Pipe Blocked
2020-07-16T07:38:25.785000,Pipe Blocked
2020-07-16T07:40:34.976000,Pipe Blocked
2020-07-16T07:40:34.975000,Pipe Blocked
2020-07-16T07:40:34.977000,Pipe Blocked
2020-07-16T07:40:35.192000,Pipe Blocked
2020-07-16T07:40:35.191000,Pipe Blocked
2020-07-16T07:40:35.197000,Pipe Blocked
2020-07-16T07:40:35.192000,Pipe Blocked
2020-07-16T07:40:35.532000,Pipe Blocked
2020-07-16T07:40:35.532000,Pipe Blocked
2020-07-16T07:40:35.534000,Pipe Blocked
2020-07-16T07:40:35.533000,Pipe Blocked
2020-07-16T07:40:35.742000,Pipe Blocked
2020-07-16T07:40:35.741000,Pipe Blocked
2020-07-16T07:40:35.743000,Pipe Blocked
2020-07-16T07:40:35.743000,Pipe Blocked
2020-07-16T07:40:36.745000,Pipe Blocked
2020-07-16T07:40:37.060000,Pipe Blocked
2020-07-16T07:42:59.569000,Pipe Blocked
2020-07-16T07:42:59.570000,Pipe Blocked
2020-07-16T07:42:59.570000,Pipe Blocked
2020-07-16T07:42:59.569000,Pipe Blocked
2020-07-16T07:42:59.570000,Pipe Blocked
2020-07-16T07:42:59.569000,Pipe Blocked
2020-07-16T07:42:59.569000,Pipe Blocked
2020-07-16T07:42:59.751000,Pipe Blocked
2020-07-16T07:42:59.752000,Pipe Blocked
2020-07-16T07:42:59.752000,Pipe Blocked
2020-07-16T07:42:59.753000,Pipe Blocked
2020-07-16T07:42:59.802000,Pipe Blocked
2020-07-16T07:43:00.424000,Pipe Blocked
2020-07-16T07:43:01.863000,Pipe Blocked
2020-07-16T07:43:01.863000,Pipe Blocked
2020-07-16T07:43:01.863000,Pipe Blocked
2020-07-16T07:43:02.256000,Pipe Blocked
2020-07-16T07:43:01.863000,Pipe Blocked
2020-07-16T07:43:02.989000,Pipe Blocked
2020-07-16T07:43:04.164000,Pipe Blocked
2020-07-16T07:43:04.356000,Pipe Blocked
2020-07-16T07:43:05.052000,Pipe Blocked
2020-07-16T07:43:05.753000,Pipe Blocked
2020-07-16T07:43:06.468000,Pipe Blocked
2020-07-16T07:43:07.153000,Pipe Blocked
2020-07-16T07:43:07.861000,Pipe Blocked
2020-07-16T07:43:08.551000,Pipe Blocked
2020-07-16T07:43:09.519000,Pipe Blocked
2020-07-16T07:43:09.979000,Pipe Blocked
2020-07-16T07:43:10.713000,Pipe Blocked
2020-07-16T07:43:11.386000,Pipe Blocked
2020-07-16T07:43:12.061000,Pipe Blocked
2020-07-16T07:43:12.757000,Pipe Blocked
2020-07-16T07:43:13.826000,Pipe Blocked
2020-07-16T07:43:14.197000,Pipe Blocked
2020-07-16T07:43:15.154000,Pipe Blocked
2020-07-16T07:43:15.582000,Pipe Blocked
2020-07-16T07:43:16.355000,Pipe Blocked
2020-07-16T07:43:17.036000,Pipe Blocked
2020-07-16T07:43:17.713000,Pipe Blocked
2020-07-16T07:43:18.381000,Pipe Blocked
2020-07-16T07:43:19.111000,Pipe Blocked
2020-07-16T07:43:19.813000,Pipe Blocked
2020-07-16T07:43:20.516000,Pipe Blocked
2020-07-16T07:43:21.182000,Pipe Blocked
2020-07-16T07:43:21.911000,Pipe Blocked
2020-07-16T07:43:22.614000,Pipe Blocked
2020-07-16T07:43:23.332000,Pipe Blocked
2020-07-16T07:43:23.992000,Pipe Blocked
2020-07-16T07:43:24.708000,Pipe Blocked
2020-07-16T07:43:25.421000,Pipe Blocked
2020-07-16T07:43:26.101000,Pipe Blocked
2020-07-16T07:43:26.812000,Pipe Blocked
2020-07-16T07:43:27.512000,Pipe Blocked
2020-07-16T07:43:28.216000,Pipe Blocked
2020-07-16T07:43:29.259000,Pipe Blocked
2020-07-16T07:43:29.613000,Pipe Blocked
2020-07-16T07:43:30.337000,Pipe Blocked
2020-07-16T07:43:31.178000,Pipe Blocked
2020-07-16T07:43:31.711000,Pipe Blocked
2020-07-16T07:43:32.413000,Pipe Blocked
2020-07-16T07:43:33.236000,Pipe Blocked
2020-07-16T07:43:34.598000,Pipe Blocked
2020-07-16T07:43:34.664000,Pipe Blocked
2020-07-16T07:43:35.892000,Pipe Blocked
2020-07-16T07:43:35.954000,Pipe Blocked
2020-07-16T07:43:36.622000,Pipe Blocked
2020-07-16T07:43:37.374000,Pipe Blocked
2020-07-16T07:43:38.054000,Pipe Blocked
2020-07-16T07:43:38.741000,Pipe Blocked
2020-07-16T07:43:39.453000,Pipe Blocked
2020-07-16T07:43:40.143000,Pipe Blocked
